municipality,municipality_short,municipality_type,population_2021,electors_2018,voters_2018,turnout_2018,electors_2022,voters_2022,turnout_2022,turnout_change_pp,head_office_2018,head_result_2018,head_office_2022,head_result_2022,head_contested_2018,head_contested_2022,contested_head_both,direct_election_2018,direct_election_2022,comparable_turnout_both,small_under_30000,rank_2018_small,rank_2022_small,percentile_2022_small,rank_2022_contested_both_small,rank_by_turnout_change_small,population_match_method,amo2018_match_method,turnout_2018_source_choice
Village of Westport,Westport V,Village,634,628,392,0.6242,611.0,460.0,0.7528641571194763,12.866415711947631,Mayor,Acclaimed,Mayor,Elected,False,True,False,True,True,True,True,6,1,1.0,,18,exact normalized name and legal type,exact normalized name and legal type,AMO published turnout workbook
Town of Latchford,Latchford T,Town,355,436,230,0.5275,316.0,233.0,0.7373417721518988,20.98417721518988,Mayor,Elected,Mayor,Elected,True,True,True,True,True,True,True,47,2,0.9969604863221885,1,6,exact normalized name and legal type,exact normalized name and legal type,AMO published turnout workbook
Township of Ignace,Ignace Tp,Township,1206,1031,616,0.5975,1049.0,725.0,0.6911344137273594,9.363441372735936,Mayor,Elected,Mayor,Elected,True,True,True,True,True,True,True,15,3,0.993920972644377,2,25,exact normalized name and legal type,exact normalized name and legal type,AMO published turnout workbook
Town of Smooth Rock Falls,Smooth Rock Falls T,Town,1200,1024,428,0.418,1047.0,681.0,0.6504297994269341,23.242979942693413,Mayor,Acclaimed,Mayor,Elected,False,True,False,True,True,True,True,179,4,0.9908814589665653,,4,exact normalized name and legal type,exact normalized name and legal type,AMO published turnout workbook
Township of Cockburn Island,Cockburn Island Tp,Township,16,0,0,0.0,200.0,130.0,0.65,,Mayor,Acclaimed,Mayor,Elected,False,True,False,False,True,False,True,,5,0.9878419452887538,,,exact normalized name and legal type,exact normalized name and legal type,AMO published turnout workbook
Township of Schreiber,Schreiber Tp,Township,1039,981,597,0.6086,878.0,564.0,0.642369020501139,3.3769020501138947,Mayor,Elected,Mayor,Elected,True,True,True,True,True,True,True,12,6,0.9848024316109423,3,62,exact normalized name and legal type,exact normalized name and legal type,AMO published turnout workbook
Township of Opasatika,Opasatika Tp,Township,200,227,139,0.6123,214.0,133.0,0.6214953271028038,0.9195327102803796,Mayor,Elected,Mayor,Acclaimed,True,False,False,True,True,True,True,11,7,0.9817629179331308,,85,exact normalized name and legal type,exact normalized name and legal type,AMO published turnout workbook
Municipality of Red Lake,Red Lake M,Municipality,4094,2829,1879,0.6642,2807.0,1730.0,0.6163163519771998,-4.788364802280021,Mayor,Elected,Mayor,Elected,True,True,True,True,True,True,True,2,8,0.9787234042553191,4,152,exact normalized name and legal type,exact normalized name and legal type,AMO published turnout workbook
Township of Frontenac Islands,Frontenac Islands Tp,Township,1930,2190,606,0.2767,2416.0,1471.0,0.6088576158940397,33.215761589403975,Mayor,Acclaimed,Mayor,Elected,False,True,False,True,True,True,True,302,9,0.9756838905775076,,1,exact normalized name and legal type,exact normalized name and legal type,AMO published turnout workbook
Municipality of South Bruce,South Bruce M,Municipality,5880,4685,2182,0.4657,4893.0,2903.0,0.5932965460862456,12.75965460862456,Mayor,Elected,Mayor,Elected,True,True,True,True,True,True,True,109,10,0.9726443768996961,5,19,exact normalized name and legal type,exact normalized name and legal type,AMO published turnout workbook
Township of Jocelyn,Jocelyn Tp,Township,314,813,346,0.4256,841.0,493.0,0.5862068965517241,16.06068965517241,Reeve,Acclaimed,Reeve,Elected,False,True,False,True,True,True,True,168,11,0.9696048632218845,,9,exact normalized name and legal type,exact normalized name and legal type,AMO published turnout workbook
Township of Pelee,Pelee Tp,Township,230,483,308,0.6377,555.0,324.0,0.5837837837837838,-5.391621621621622,Mayor,Acclaimed,Mayor,Elected,False,True,False,True,True,True,True,3,12,0.9665653495440729,,161,exact normalized name and legal type,exact normalized name and legal type,AMO published turnout workbook
"Township of Killaloe, Hagarty & Richards","Killaloe, Hagarty and Richards Tp",Township,2410,3111,1825,0.5866,3268.0,1895.0,0.5798653610771114,-0.6734638922888614,Mayor,Elected,Mayor,Elected,True,True,True,True,True,True,True,21,13,0.9635258358662614,6,101,exact normalized name and legal type,exact normalized name and legal type,AMO published turnout workbook
Township of James,James Tp,Township,348,432,247,0.5718,486.0,280.0,0.5761316872427984,0.4331687242798421,Reeve,Elected,Reeve,Elected,True,True,True,True,True,True,True,27,14,0.9604863221884499,7,91,exact normalized name and legal type,exact normalized name and legal type,AMO published turnout workbook
Township of McGarry,McGarry Tp,Township,579,641,369,0.5757,617.0,355.0,0.5753646677471637,-0.033533225283632895,Mayor,Elected,Mayor,Elected,True,True,True,True,True,True,True,25,15,0.9574468085106383,8,96,exact normalized name and legal type,exact normalized name and legal type,AMO published turnout workbook
Town of Cochrane,Cochrane T,Town,5390,4224,2164,0.5123,3608.0,2070.0,0.5737250554323725,6.142505543237253,Mayor,Elected,Mayor,Elected,True,True,True,True,True,True,True,61,16,0.9544072948328267,9,43,exact normalized name and legal type,exact normalized name and legal type,AMO published turnout workbook
Township of Terrace Bay,Terrace Bay Tp,Township,1528,1201,630,0.5246,1130.0,643.0,0.5690265486725664,4.442654867256646,Mayor,Elected,Mayor,Elected,True,True,True,True,True,True,True,49,17,0.9513677811550152,10,51,exact normalized name and legal type,exact normalized name and legal type,AMO published turnout workbook
Municipality of Calvin,Calvin Tp,Municipality,557,622,256,0.4116,631.0,358.0,0.5673534072900158,15.57534072900158,Mayor,Elected,Mayor,Elected,True,True,True,True,True,True,True,184,18,0.9483282674772037,11,10,exact normalized name; legal type changed,exact normalized name and legal type,AMO published turnout workbook
Town of Atikokan,Atikokan Tp,Town,2642,2185,924,0.4229,2029.0,1140.0,0.5618531296205027,13.895312962050271,Mayor,Acclaimed,Mayor,Elected,False,True,False,True,True,True,True,171,19,0.9452887537993921,,16,exact normalized name; legal type changed,exact normalized name and legal type,AMO published turnout workbook
Township of White River,White River Tp,Township,557,698,386,0.553,557.0,312.0,0.5601436265709157,0.7143626570915607,Mayor,Elected,Mayor,Elected,True,True,True,True,True,True,True,30,20,0.9422492401215805,12,87,exact normalized name and legal type,exact normalized name and legal type,AMO published turnout workbook
Township of Tehkummah,Tehkummah Tp,Township,450,730,497,0.6808,669.0,374.0,0.5590433482810164,-12.175665171898354,Reeve,Elected,Reeve,Elected,True,True,True,True,True,True,True,1,21,0.939209726443769,13,247,exact normalized name and legal type,exact normalized name and legal type,AMO published turnout workbook
Municipality of Casselman,Casselman M,Municipality,3960,2847,1681,0.5904,3224.0,1797.0,0.5573821339950372,-3.3017866004962815,Mayor,Acclaimed,Mayor,Elected,False,True,False,True,True,True,True,20,22,0.9361702127659575,,134,exact normalized name and legal type,exact normalized name; legal type changed,AMO published turnout workbook
Township of Limerick,Limerick Tp,Township,436,1018,318,0.3124,1075.0,597.0,0.5553488372093023,24.294883720930226,Reeve,Elected,Mayor,Elected,True,True,True,True,True,True,True,284,23,0.9331306990881459,14,3,exact normalized name and legal type,exact normalized name and legal type,AMO published turnout workbook
Township of Manitouwadge,Manitouwadge Tp,Township,1974,1634,827,0.5061,1527.0,841.0,0.5507531106745253,4.465311067452527,Mayor,Elected,Mayor,Elected,True,True,True,True,True,True,True,62,24,0.9300911854103343,15,50,exact normalized name and legal type,exact normalized name and legal type,AMO published turnout workbook
Township of North Stormont,North Stormont Tp,Township,7400,5242,2068,0.3945,4987.0,2700.0,0.541407659915781,14.690765991578097,Mayor,Acclaimed,Mayor,Elected,False,True,False,True,True,True,True,204,25,0.9270516717325228,,13,exact normalized name and legal type,exact normalized name and legal type,AMO published turnout workbook
Township of St. Joseph,St Joseph Tp,Township,1426,1557,705,0.4528,1707.0,918.0,0.5377855887521968,8.498558875219686,Mayor,Acclaimed,Mayor,Elected,False,True,False,True,True,True,True,125,26,0.9240121580547113,,28,exact normalized name and legal type,exact normalized name and legal type,AMO published turnout workbook
Municipality of Brooke-Alvinston,Brooke-Alvinston M,Municipality,2359,2055,1229,0.5981,2145.0,1150.0,0.5361305361305362,-6.196946386946378,Mayor,Elected,Mayor,Elected,True,True,True,True,True,True,True,14,27,0.9209726443768997,16,171,exact normalized name and legal type,exact normalized name and legal type,AMO published turnout workbook
City of Kenora,Kenora C,City,14967,10676,5317,0.498,11143.0,5962.0,0.5350444225074038,3.7044422507403807,Mayor,Elected,Mayor,Elected,True,True,True,True,True,True,True,73,28,0.9179331306990881,17,56,exact normalized name and legal type,exact normalized name and legal type,AMO published turnout workbook
Village of Merrickville-Wolford,Merrickville-Wolford V,Village,3135,2708,1484,0.548,2889.0,1531.0,0.5299411561093804,-1.8058843890619625,Mayor,Elected,Mayor,Elected,True,True,True,True,True,True,True,33,29,0.9148936170212766,18,110,exact normalized name and legal type,exact normalized name and legal type,AMO published turnout workbook
Township of Pickle Lake,Pickle Lake Tp,Township,398,305,113,0.3705,306.0,160.0,0.5228758169934641,15.237581699346409,Mayor,Acclaimed,Mayor,Elected,False,True,False,True,True,True,True,239,30,0.9118541033434651,,11,exact normalized name and legal type,exact normalized name and legal type,AMO published turnout workbook
Town of Goderich,Goderich T,Town,7881,6343,3905,0.6156,6552.0,3421.0,0.5221306471306472,-9.346935286935288,Mayor,Elected,Mayor,Elected,True,True,True,True,True,True,True,10,31,0.9088145896656535,19,218,exact normalized name and legal type,exact normalized name and legal type,AMO published turnout workbook
Township of Madawaska Valley,Madawaska Valley Tp,Township,3927,5642,3158,0.5597,5878.0,3064.0,0.5212657366451174,-3.8434263354882536,Mayor,Elected,Mayor,Elected,True,True,True,True,True,True,True,29,32,0.9057750759878419,20,138,exact normalized name and legal type,exact normalized name and legal type,AMO published turnout workbook
Township of Warwick,Warwick Tp,Township,3641,2717,1271,0.4678,2737.0,1417.0,0.5177201315308733,4.992013153087327,Mayor,Elected,Mayor,Elected,True,True,True,True,True,True,True,106,33,0.9027355623100304,21,49,exact normalized name and legal type,exact normalized name and legal type,AMO published turnout workbook
Township of Prince,Prince Tp,Township,975,0,0,0.0,1090.0,560.0,0.5137614678899083,,Mayor,Acclaimed,Mayor,Elected,False,True,False,False,True,False,True,,34,0.8996960486322189,,,exact normalized name and legal type,exact normalized name and legal type,AMO published turnout workbook
Municipality of St. Charles,St-Charles M,Municipality,1357,1760,877,0.4983,1777.0,904.0,0.5087225661226786,1.0422566122678611,Mayor,Elected,Mayor,Elected,True,True,True,True,True,True,True,72,35,0.8966565349544073,22,82,exact normalized name and legal type,exact normalized name and legal type,AMO published turnout workbook
Township of Fauquier-Strickland,Fauquier-Strickland Tp,Township,467,618,262,0.4239,606.0,305.0,0.5033003300330033,7.940033003300334,Mayor,Elected,Mayor,Elected,True,True,True,True,True,True,True,170,36,0.8936170212765957,23,33,exact normalized name and legal type,exact normalized name and legal type,AMO published turnout workbook
Township of Bonnechere Valley,Bonnechere Valley Tp,Township,3898,4101,1972,0.4809,4309.0,2168.0,0.5031329774889766,2.223297748897657,Mayor,Acclaimed,Mayor,Elected,False,True,False,True,True,True,True,89,37,0.8905775075987842,,69,exact normalized name and legal type,exact normalized name and legal type,AMO published turnout workbook
Township of Norwich,Norwich Tp,Township,11151,7737,2930,0.3787,8723.0,4379.0,0.5020061905307807,12.330619053078069,Mayor,Elected,Mayor,Elected,True,True,True,True,True,True,True,225,38,0.8875379939209727,24,20,exact normalized name and legal type,exact normalized name and legal type,AMO published turnout workbook
Town of Kingsville,Kingsville T,Town,22119,15118,7074,0.4679,16955.0,8510.0,0.5019168386906517,3.401683869065175,Mayor,Acclaimed,Mayor,Elected,False,True,False,True,True,True,True,105,39,0.8844984802431611,,61,exact normalized name and legal type,exact normalized name and legal type,AMO published turnout workbook
Township of Machar,Machar Tp,Township,969,1781,784,0.4402,1837.0,917.0,0.49918345127925967,5.898345127925969,Mayor,Acclaimed,Mayor,Elected,False,True,False,True,True,True,True,144,40,0.8814589665653495,,45,exact normalized name and legal type,exact normalized name and legal type,AMO published turnout workbook
Town of Fort Frances,Fort Frances T,Town,7466,5286,2712,0.5131,5317.0,2639.0,0.4963325183374083,-1.6767481662591677,Mayor,Elected,Mayor,Elected,True,True,True,True,True,True,True,59,41,0.878419452887538,25,108,exact normalized name and legal type,exact normalized name and legal type,AMO published turnout workbook
Township of McKellar,McKellar Tp,Township,1419,3044,1451,0.4767,3213.0,1589.0,0.49455337690631807,1.7853376906318053,Reeve,Elected,Mayor,Elected,True,True,True,True,True,True,True,95,42,0.8753799392097265,26,73,exact normalized name and legal type,exact normalized name and legal type,AMO published turnout workbook
Municipality of Southwest Middlesex,Southwest Middlesex M,Municipality,5893,4236,2233,0.5271,4552.0,2247.0,0.49362917398945516,-3.347082601054485,Mayor,Elected,Mayor,Elected,True,True,True,True,True,True,True,48,43,0.8723404255319149,27,135,exact normalized name and legal type,exact normalized name and legal type,AMO published turnout workbook
Town of Wasaga Beach,Wasaga Beach T,Town,24862,21874,10177,0.4653,23836.0,11675.0,0.48980533646584995,2.450533646584996,Mayor,Elected,Mayor,Elected,True,True,True,True,True,True,True,111,44,0.8693009118541033,28,67,exact normalized name and legal type,exact normalized name and legal type,AMO published turnout workbook
Township of Nipigon,Nipigon Tp,Township,1473,1030,592,0.5748,1363.0,666.0,0.4886280264123258,-8.61719735876742,Mayor,Elected,Mayor,Elected,True,True,True,True,True,True,True,26,45,0.8662613981762918,29,204,exact normalized name and legal type,exact normalized name and legal type,AMO published turnout workbook
Township of Hudson,Hudson Tp,Township,530,574,139,0.2422,576.0,280.0,0.4861111111111111,24.391111111111112,Reeve,Acclaimed,Reeve,Acclaimed,False,False,False,True,True,True,True,314,46,0.8632218844984803,,2,exact normalized name and legal type,exact normalized name and legal type,AMO published turnout workbook
Municipality of West Nipissing,West Nipissing M,Municipality,14583,12150,6996,0.5758,13820.0,6671.0,0.4827062228654124,-9.309377713458755,Mayor,Elected,Mayor,Elected,True,True,True,True,True,True,True,24,47,0.8601823708206687,30,217,exact normalized name and legal type,exact normalized name and legal type,AMO published turnout workbook
Township of Alberton,Alberton Tp,Township,954,702,361,0.5142,733.0,353.0,0.4815825375170532,-3.2617462482946777,Reeve,Elected,Reeve,Elected,True,True,True,True,True,True,True,57,48,0.8571428571428571,31,133,exact normalized name and legal type,exact normalized name and legal type,AMO published turnout workbook
Town of Bruce Mines,Bruce Mines T,Town,582,529,219,0.414,501.0,240.0,0.47904191616766467,6.5041916167664695,Mayor,Acclaimed,Mayor,Elected,False,True,False,True,True,True,True,180,49,0.8541033434650456,,42,exact normalized name and legal type,exact normalized name and legal type,AMO published turnout workbook
Township of Edwardsburgh/Cardinal,Edwardsburgh-Cardinal Tp,Township,7505,5044,2666,0.5285,5524.0,2646.0,0.47900072411296163,-4.949927588703834,Mayor,Elected,Mayor,Elected,True,True,True,True,True,True,True,44,50,0.851063829787234,32,154,exact normalized name and legal type,exact normalized name and legal type,AMO published turnout workbook
Town of Niagara-on-the-Lake,Niagara-on-the-Lake T,Town,19088,14213,8394,0.5906,15996.0,7644.0,0.4778694673668417,-11.27305326331583,Mayor,Elected,Mayor,Elected,True,True,True,True,True,True,True,19,51,0.8480243161094225,33,237,exact normalized name and legal type,exact normalized name and legal type,AMO published turnout workbook
"Township of Brudenell, Lyndoch and Raglan","Brudenell, Lyndoch and Raglan Tp",Township,1552,2293,1069,0.4662,2353.0,1124.0,0.47768805779855505,1.1488057798555051,Mayor,Elected,Mayor,Elected,True,True,True,True,True,True,True,108,52,0.8449848024316109,34,79,exact normalized name and legal type,exact normalized name and legal type,AMO published turnout workbook
Village of Sundridge,Sundridge V,Village,938,939,376,0.4004,957.0,457.0,0.477533960292581,7.713396029258101,Mayor,Elected,Mayor,Elected,True,True,True,True,True,True,True,197,53,0.8419452887537994,35,36,exact normalized name and legal type,exact normalized name and legal type,AMO published turnout workbook
Town of Arnprior,Arnprior T,Town,9629,6420,3059,0.4765,7504.0,3571.0,0.4758795309168444,-0.06204690831556059,Mayor,Elected,Mayor,Elected,True,True,True,True,True,True,True,96,54,0.8389057750759878,36,97,exact normalized name and legal type,exact normalized name and legal type,AMO published turnout workbook
Municipality of Thames Centre,Thames Centre M,Municipality,13980,9979,4702,0.4712,11090.0,5250.0,0.4733994589720469,0.2199458972046875,Mayor,Elected,Mayor,Elected,True,True,True,True,True,True,True,101,55,0.8358662613981763,37,93,exact normalized name and legal type,exact normalized name and legal type,AMO published turnout workbook
County of Prince Edward,Prince Edward County C,County,25704,21975,10032,0.4565,23935.0,11262.0,0.470524336745352,1.4024336745351973,Mayor,Elected,Mayor,Elected,True,True,True,True,True,True,True,118,56,0.8328267477203647,38,77,manual documented alias,exact normalized name and legal type,AMO published turnout workbook
Municipality of Brighton,Brighton M,Municipality,12108,9094,5316,0.5846,10373.0,4846.0,0.46717439506410874,-11.742560493589128,Mayor,Elected,Mayor,Elected,True,True,True,True,True,True,True,22,57,0.8297872340425532,39,241,exact normalized name and legal type,exact normalized name and legal type,AMO published turnout workbook
Town of Spanish,Spanish T,Town,670,755,370,0.4901,728.0,340.0,0.46703296703296704,-2.306703296703294,Mayor,Elected,Mayor,Elected,True,True,True,True,True,True,True,82,58,0.8267477203647416,40,117,exact normalized name and legal type,exact normalized name and legal type,AMO published turnout workbook
Municipality of Arran-Elderslie,Arran-Elderslie M,Municipality,6913,5037,2737,0.5434,5242.0,2444.0,0.4662342617321633,-7.716573826783668,Mayor,Elected,Mayor,Acclaimed,True,False,False,True,True,True,True,35,59,0.8237082066869301,,193,exact normalized name and legal type,exact normalized name and legal type,AMO published turnout workbook
Separated Town of Gananoque,Gananoque ST,Town,5383,4018,2182,0.5430562468889994,4429.0,2060.0,0.46511627906976744,-7.793996781923202,Mayor,Elected,Mayor,Elected,True,True,True,True,True,True,True,36,60,0.8206686930091185,41,195,exact normalized name and legal type,exact normalized name and legal type,Ontario raw repair for AMO zero-voter contradiction
Town of Perth,Perth T,Town,6469,4590,2354,0.5129,5407.0,2495.0,0.46143887553171814,-5.146112446828188,Mayor,Elected,Mayor,Elected,True,True,True,True,True,True,True,60,61,0.817629179331307,42,156,exact normalized name and legal type,exact normalized name and legal type,AMO published turnout workbook
Township of South Algonquin,South Algonquin Tp,Township,1055,636,397,0.6242,2083.0,961.0,0.4613538166106577,-16.284618338934227,Mayor,Acclaimed,Mayor,Elected,False,True,False,True,True,True,True,6,62,0.8145896656534954,,274,exact normalized name and legal type,exact normalized name and legal type,AMO published turnout workbook
Town of Mattawa,Mattawa T,Town,1881,1599,726,0.454,1555.0,717.0,0.46109324758842446,0.7093247588424445,Mayor,Acclaimed,Mayor,Elected,False,True,False,True,True,True,True,122,63,0.8115501519756839,,88,exact normalized name and legal type,exact normalized name and legal type,AMO published turnout workbook
Township of Coleman,Coleman Tp,Township,517,825,295,0.3576,960.0,442.0,0.46041666666666664,10.281666666666666,Mayor,Acclaimed,Mayor,Elected,False,True,False,True,True,True,True,249,64,0.8085106382978723,,22,exact normalized name and legal type,exact normalized name and legal type,AMO published turnout workbook
Township of North Huron,North Huron Tp,Township,5052,3852,1948,0.5057,4016.0,1845.0,0.45941235059760954,-4.62876494023905,Reeve,Elected,Reeve,Elected,True,True,True,True,True,True,True,63,65,0.8054711246200608,43,149,exact normalized name and legal type,exact normalized name and legal type,AMO published turnout workbook
Township of McNab/Braeside,McNab-Braeside Tp,Township,7591,6181,2614,0.4229,6797.0,3115.0,0.45829042224510813,3.5390422245108133,Mayor,Elected,Mayor,Elected,True,True,True,True,True,True,True,171,66,0.8024316109422492,44,58,exact normalized name and legal type,exact normalized name and legal type,AMO published turnout workbook
Municipality of Leamington,Leamington M,Municipality,29680,16309,7281,0.4464,17981.0,8223.0,0.45731605583671653,1.091605583671651,Mayor,Elected,Mayor,Elected,True,True,True,True,True,True,True,137,67,0.7993920972644377,45,80,exact normalized name and legal type,exact normalized name and legal type,AMO published turnout workbook
Township of Wollaston,Wollaston Tp,Township,721,2541,1470,0.5785,2189.0,998.0,0.4559159433531293,-12.258405664687071,Reeve,Elected,Mayor,Elected,True,True,True,True,True,True,True,23,68,0.7963525835866262,46,249,exact normalized name and legal type,exact normalized name and legal type,AMO published turnout workbook
Municipality of Oliver Paipoonge,Oliver Paipoonge M,Municipality,6035,4984,1615,0.324,5212.0,2376.0,0.45587106676899464,13.187106676899463,Mayor,Acclaimed,Mayor,Elected,False,True,False,True,True,True,True,275,69,0.7933130699088146,,17,exact normalized name and legal type,exact normalized name and legal type,AMO published turnout workbook
Township of Matachewan,Matachewan Tp,Township,268,435,196,0.4506,413.0,188.0,0.4552058111380145,0.4605811138014504,Mayor,Elected,Mayor,Elected,True,True,True,True,True,True,True,130,70,0.790273556231003,47,89,exact normalized name and legal type,exact normalized name and legal type,AMO published turnout workbook
Town of Petrolia,Petrolia T,Town,6013,4229,2261,0.5346,4513.0,2054.0,0.45512962552625746,-7.9470374473742496,Mayor,Elected,Mayor,Elected,True,True,True,True,True,True,True,41,71,0.7872340425531915,48,196,exact normalized name and legal type,exact normalized name and legal type,AMO published turnout workbook
Municipality of South Dundas,South Dundas Tp,Municipality,11044,7834,4214,0.5379,8510.0,3867.0,0.454406580493537,-8.349341950646306,Mayor,Elected,Mayor,Elected,True,True,True,True,True,True,True,38,72,0.78419452887538,49,200,exact normalized name; legal type changed,exact normalized name and legal type,AMO published turnout workbook
Township of Mattice - Val Côté,Mattice - Val Cote Tp,Township,542,695,314,0.4518,643.0,292.0,0.45412130637636083,0.23213063763608544,Mayor,Elected   ,Mayor,Elected,False,True,False,True,True,True,True,127,73,0.7811550151975684,,92,exact normalized name and legal type,manual source-encoding repair,AMO published turnout workbook
Municipality of Callander,Callander M,Municipality,3964,3412,1029,0.3016,3681.0,1661.0,0.45123607715294756,14.963607715294758,Mayor,Acclaimed,Mayor,Elected,False,True,False,True,True,True,True,290,74,0.7781155015197568,,12,exact normalized name and legal type,exact normalized name and legal type,AMO published turnout workbook
Municipality of Kincardine,Kincardine M,Municipality,12268,9802,3923,0.4002,10529.0,4750.0,0.4511349605850508,5.093496058505082,Mayor,Elected,Mayor,Elected,True,True,True,True,True,True,True,198,75,0.7750759878419453,50,48,exact normalized name and legal type,exact normalized name and legal type,AMO published turnout workbook
Township of Lucan Biddulph,Lucan Biddulph Tp,Township,5680,3533,1477,0.4181,4218.0,1895.0,0.4492650545282124,3.116505452821239,Mayor,Acclaimed,Mayor,Elected,False,True,False,True,True,True,True,178,76,0.7720364741641338,,63,exact normalized name and legal type,exact normalized name and legal type,AMO published turnout workbook
City of Clarence-Rockland,Clarence-Rockland C,City,26505,17600,7578,0.4306,19997.0,8901.0,0.44511676751512724,1.451676751512726,Mayor,Elected,Mayor,Elected,True,True,True,True,True,True,True,159,77,0.7689969604863222,51,75,exact normalized name and legal type,exact normalized name and legal type,AMO published turnout workbook
Municipality of South Huron,South Huron M,Municipality,10063,7516,4075,0.5422,8200.0,3648.0,0.4448780487804878,-9.73219512195122,Mayor,Elected,Mayor,Elected,True,True,True,True,True,True,True,37,78,0.7659574468085106,52,221,exact normalized name and legal type,exact normalized name and legal type,AMO published turnout workbook
Township of Carling,Carling Tp,Township,1491,3193,1104,0.3458,3161.0,1401.0,0.4432141727301487,9.741417273014868,Mayor,Acclaimed,Mayor,Elected,False,True,False,True,True,True,True,256,79,0.7629179331306991,,23,exact normalized name and legal type,exact normalized name and legal type,AMO published turnout workbook
Township of West Lincoln,West Lincoln Tp,Township,15454,11651,4474,0.384,12560.0,5542.0,0.4412420382165605,5.724203821656049,Mayor,Elected,Mayor,Elected,True,True,True,True,True,True,True,218,80,0.7598784194528876,53,46,exact normalized name and legal type,exact normalized name and legal type,AMO published turnout workbook
Township of Admaston/Bromley,Admaston-Bromley Tp,Township,2995,2965,809,0.2728,3005.0,1321.0,0.43960066555740435,16.680066555740435,Mayor,Acclaimed,Mayor,Elected,False,True,False,True,True,True,True,306,81,0.756838905775076,,8,exact normalized name and legal type,exact normalized name and legal type,AMO published turnout workbook
Township of Cavan Monaghan,Cavan Monaghan Tp,Township,10016,7278,3388,0.4655,8117.0,3565.0,0.43920167549587286,-2.629832450412717,Mayor,Elected,Mayor,Elected,True,True,True,True,True,True,True,110,82,0.7537993920972644,54,124,exact normalized name and legal type,exact normalized name and legal type,AMO published turnout workbook
Township of North Algona Wilberforce,North Algona-Wilberforce Tp,Township,3111,3412,1935,0.5671,3612.0,1579.0,0.4371539313399779,-12.994606866002217,Mayor,Elected,Mayor,Elected,True,True,True,True,True,True,True,28,83,0.7507598784194529,55,256,exact normalized name and legal type,exact normalized name and legal type,AMO published turnout workbook
Township of Carlow/Mayo,Carlow-Mayo Tp,Township,953,693,311,0.4488,1371.0,597.0,0.43544857768052514,-1.3351422319474837,Reeve,Acclaimed,Mayor,Elected,False,True,False,True,True,True,True,133,84,0.7477203647416414,,104,exact normalized name and legal type,exact normalized name and legal type,AMO published turnout workbook
Township of Assiginack,Assiginack Tp,Township,1008,1594,819,0.5138,1625.0,703.0,0.4326153846153846,-8.118461538461542,Mayor,Elected,Mayor,Elected,True,True,True,True,True,True,True,58,85,0.7446808510638298,56,199,exact normalized name and legal type,exact normalized name and legal type,AMO published turnout workbook
Town of Renfrew,Renfrew T,Town,8190,6070,2883,0.475,6459.0,2788.0,0.43164576559838985,-4.335423440161012,Mayor,Elected,Mayor,Elected,True,True,True,True,True,True,True,97,86,0.7416413373860182,57,146,exact normalized name and legal type,exact normalized name and legal type,AMO published turnout workbook
City of Dryden,Dryden C,City,7388,5372,2938,0.5469,5500.0,2371.0,0.4310909090909091,-11.580909090909097,Mayor,Elected,Mayor,Elected,True,True,True,True,True,True,True,34,87,0.7386018237082067,58,238,exact normalized name and legal type,exact normalized name and legal type,AMO published turnout workbook
Township of Alfred and Plantagenet,Alfred and Plantagenet Tp,Township,9949,8149,3817,0.4684,8007.0,3442.0,0.42987386037217434,-3.8526139627825637,Mayor,Elected,Mayor,Elected,True,True,True,True,True,True,True,104,88,0.7355623100303952,59,139,exact normalized name and legal type,exact normalized name and legal type,AMO published turnout workbook
Municipality of Port Hope,Port Hope M,Municipality,17294,12984,5846,0.4502,14418.0,6196.0,0.4297406020252462,-2.045939797475377,Mayor,Elected,Mayor,Elected,True,True,True,True,True,True,True,131,89,0.7325227963525835,60,114,exact normalized name and legal type,exact normalized name and legal type,AMO published turnout workbook
Township of Strong,Strong Tp,Township,1566,2031,576,0.2836,2157.0,925.0,0.4288363467779323,14.523634677793229,Mayor,Elected,Mayor,Elected,True,True,True,True,True,True,True,298,90,0.729483282674772,61,14,exact normalized name and legal type,exact normalized name and legal type,AMO published turnout workbook
Township of East Hawkesbury,East Hawkesbury Tp,Township,3418,0,0,0.0,2868.0,1225.0,0.4271269177126918,,Mayor,Acclaimed,Mayor,Acclaimed,False,False,False,False,True,False,True,,91,0.7264437689969605,,,exact normalized name and legal type,exact normalized name and legal type,AMO published turnout workbook
Town of Plympton-Wyoming,Plympton-Wyoming T,Town,8308,6901,2916,0.4225,7247.0,3095.0,0.4270732716986339,0.45732716986339184,Mayor,Acclaimed,Mayor,Elected,False,True,False,True,True,True,True,173,92,0.723404255319149,,90,exact normalized name and legal type,exact normalized name and legal type,AMO published turnout workbook
Town of Iroquois Falls,Iroquois Falls T,Town,4418,3701,1918,0.5182,3917.0,1672.0,0.42685728874138373,-9.134271125861627,Mayor,Elected,Mayor,Elected,True,True,True,True,True,True,True,54,93,0.7203647416413373,62,214,exact normalized name and legal type,exact normalized name and legal type,AMO published turnout workbook
Township of Ear Falls,Ear Falls Tp,Township,924,772,459,0.5946,685.0,292.0,0.42627737226277373,-16.83226277372263,Mayor,Elected,Mayor,Acclaimed,True,False,False,True,True,True,True,17,94,0.7173252279635258,,278,exact normalized name and legal type,exact normalized name and legal type,AMO published turnout workbook
Village of Point Edward,Point Edward V,Village,1930,1600,853,0.5331,1682.0,715.0,0.42508917954815695,-10.801082045184307,Mayor,Acclaimed,Mayor,Acclaimed,False,False,False,True,True,True,True,42,95,0.7142857142857143,,234,exact normalized name and legal type,exact normalized name and legal type,AMO published turnout workbook
Town of South Bruce Peninsula,The South Bruce Peninsula T,Town,9137,12489,5903,0.4727,13160.0,5594.0,0.4250759878419453,-4.762401215805473,Mayor,Elected,Mayor,Elected,True,True,True,True,True,True,True,100,96,0.7112462006079028,63,151,exact normalized name and legal type,exact normalized name and legal type,AMO published turnout workbook
Township of South Stormont,South Stormont Tp,Township,13570,10336,5119,0.4953,10702.0,4536.0,0.4238460100915717,-7.145398990842833,Mayor,Elected,Mayor,Elected,True,True,True,True,True,True,True,74,97,0.7082066869300911,64,184,exact normalized name and legal type,exact normalized name and legal type,AMO published turnout workbook
Town of Marathon,Marathon T,Town,3138,2467,855,0.3466,2468.0,1044.0,0.42301458670988656,7.641458670988655,Mayor,Acclaimed,Mayor,Acclaimed,False,False,False,True,True,True,True,255,98,0.7051671732522796,,37,exact normalized name and legal type,exact normalized name and legal type,AMO published turnout workbook
Municipality of West Perth,West Perth M,Municipality,9038,6773,2327,0.3436,6963.0,2936.0,0.42165733160993824,7.805733160993822,Mayor,Acclaimed,Mayor,Elected,False,True,False,True,True,True,True,261,99,0.7021276595744681,,35,exact normalized name and legal type,exact normalized name and legal type,AMO published turnout workbook
Town of Deep River,Deep River T,Town,4175,3239,2055,0.6345,3053.0,1287.0,0.4215525712414019,-21.294742875859807,Mayor,Elected,Mayor,Acclaimed,True,False,False,True,True,True,True,4,100,0.6990881458966566,,299,exact normalized name and legal type,exact normalized name and legal type,AMO published turnout workbook
Town of Espanola,Espanola T,Town,5185,3838,1940,0.5055,4075.0,1716.0,0.4211042944785276,-8.439570552147234,Mayor,Elected,Mayor,Elected,True,True,True,True,True,True,True,64,101,0.6960486322188449,65,202,exact normalized name and legal type,exact normalized name and legal type,AMO published turnout workbook
Town of Parry Sound,Parry Sound T,Town,6879,4960,2620,0.5282,5257.0,2212.0,0.4207723035952064,-10.742769640479361,Mayor,Elected,Mayor,Elected,True,True,True,True,True,True,True,45,102,0.6930091185410334,66,233,exact normalized name and legal type,exact normalized name and legal type,AMO published turnout workbook
Municipality of North Grenville,North Grenville M,Municipality,17964,12650,5960,0.4711,14229.0,5960.0,0.41886288565605456,-5.223711434394546,Mayor,Elected,Mayor,Elected,True,True,True,True,True,True,True,102,103,0.6899696048632219,67,158,exact normalized name and legal type,exact normalized name and legal type,AMO published turnout workbook
Township of South Glengarry,South Glengarry Tp,Township,13330,10088,4636,0.4596,10757.0,4492.0,0.41758854699265596,-4.201145300734405,Mayor,Acclaimed,Mayor,Elected,False,True,False,True,True,True,True,114,104,0.6869300911854104,,144,exact normalized name and legal type,exact normalized name and legal type,AMO published turnout workbook
Town of Kearney,Kearney T,Town,974,2441,1073,0.4396,2600.0,1085.0,0.4173076923076923,-2.2292307692307665,Mayor,Elected,Mayor,Elected,True,True,True,True,True,True,True,147,105,0.6838905775075987,68,115,exact normalized name and legal type,exact normalized name and legal type,AMO published turnout workbook
Municipality of Temagami,Temagami M,Municipality,862,2059,1284,0.6236,1998.0,833.0,0.4169169169169169,-20.668308308308315,Mayor,Elected,Mayor,Acclaimed,True,False,False,True,True,True,True,8,106,0.6808510638297872,,295,exact normalized name and legal type,exact normalized name and legal type,AMO published turnout workbook
Township of Adjala-Tosorontio,Adjala-Tosorontio Tp,Township,10989,8719,3731,0.4279,8679.0,3604.0,0.4152552137343012,-1.2644786265698815,Mayor,Elected,Mayor,Elected,True,True,True,True,True,True,True,162,107,0.6778115501519757,69,103,exact normalized name and legal type,exact normalized name and legal type,AMO published turnout workbook
Township of Laird,Laird Tp,Township,1121,1150,313,0.2722,1219.0,506.0,0.41509433962264153,14.289433962264154,Mayor,Acclaimed,Mayor,Elected,False,True,False,True,True,True,True,307,108,0.6747720364741642,,15,exact normalized name and legal type,exact normalized name and legal type,AMO published turnout workbook
Township of Wainfleet,Wainfleet Tp,Township,6887,5929,2879,0.4856,6254.0,2592.0,0.4144547489606652,-7.114525103933477,Mayor,Elected,Mayor,Elected,True,True,True,True,True,True,True,85,109,0.6717325227963525,70,183,exact normalized name and legal type,exact normalized name and legal type,AMO published turnout workbook
Municipality of Mississippi Mills,Mississippi Mills M,Municipality,14740,10704,6390,0.597,12199.0,5051.0,0.41405033199442576,-18.29496680055742,Mayor,Elected,Mayor,Acclaimed,True,False,False,True,True,True,True,16,110,0.668693009118541,,287,exact normalized name and legal type,exact normalized name and legal type,AMO published turnout workbook
Town of Ingersoll,Ingersoll T,Town,13693,9285,4186,0.4508,10560.0,4361.0,0.41297348484848484,-3.782651515151514,Mayor,Elected,Mayor,Elected,True,True,True,True,True,True,True,129,111,0.6656534954407295,71,137,exact normalized name and legal type,exact normalized name and legal type,AMO published turnout workbook
Town of Carleton Place,Carleton Place T,Town,12517,7819,4301,0.5501,9571.0,3950.0,0.41270504649461914,-13.739495350538089,Mayor,Elected,Mayor,Elected,True,True,True,True,True,True,True,32,112,0.662613981762918,72,264,exact normalized name and legal type,exact normalized name and legal type,AMO published turnout workbook
City of Temiskaming Shores,Temiskaming Shores C,City,9634,7766,2568,0.3307,8113.0,3346.0,0.41242450388265744,8.172450388265744,Mayor,Elected,Mayor,Elected,True,True,True,True,True,True,True,270,113,0.6595744680851063,73,30,exact normalized name and legal type,exact normalized name and legal type,AMO published turnout workbook
Town of Cobalt,Cobalt T,Town,989,929,457,0.4919,907.0,374.0,0.412348401323043,-7.955159867695699,Mayor,Elected,Mayor,Elected,True,True,True,True,True,True,True,79,114,0.6565349544072948,74,197,exact normalized name and legal type,exact normalized name and legal type,AMO published turnout workbook
Municipality of Mattawan,Mattawan M,Municipality,153,0,0,0.0,272.0,112.0,0.4117647058823529,,Mayor,Acclaimed,Mayor,Acclaimed,False,False,False,False,True,False,True,,115,0.6534954407294833,,,exact normalized name and legal type,exact normalized name and legal type,AMO published turnout workbook
Town of Essex,Essex T,Town,21216,15417,6938,0.45,17111.0,7032.0,0.4109637075565426,-3.903629244345741,Mayor,Elected,Mayor,Elected,True,True,True,True,True,True,True,132,116,0.6504559270516718,75,141,exact normalized name and legal type,exact normalized name and legal type,AMO published turnout workbook
Township of Whitewater Region,Whitewater Region Tp,Township,7225,6344,3073,0.4844,6613.0,2715.0,0.4105549674882807,-7.384503251171931,Mayor,Elected,Mayor,Elected,True,True,True,True,True,True,True,86,117,0.6474164133738601,76,188,exact normalized name and legal type,exact normalized name and legal type,AMO published turnout workbook
Town of Cobourg,Cobourg T,Town,20519,14700,6480,0.4408,16518.0,6757.0,0.40906889453929046,-3.1731105460709563,Mayor,Acclaimed,Mayor,Elected,False,True,False,True,True,True,True,143,118,0.6443768996960486,,130,exact normalized name and legal type,exact normalized name and legal type,AMO published turnout workbook
Township of Asphodel-Norwood,Asphodel-Norwood Tp,Township,4658,3401,1750,0.5146,3940.0,1611.0,0.4088832487309645,-10.571675126903546,Mayor,Elected,Mayor,Elected,True,True,True,True,True,True,True,56,119,0.6413373860182371,77,230,exact normalized name and legal type,exact normalized name and legal type,AMO published turnout workbook
Township of Huron-Kinloss,Huron-Kinloss Tp,Township,7723,7158,2779,0.3882,7407.0,3028.0,0.4088024841366275,2.0602484136627517,Mayor,Elected,Mayor,Elected,True,True,True,True,True,True,True,213,120,0.6382978723404256,78,70,exact normalized name and legal type,exact normalized name and legal type,AMO published turnout workbook
Municipality of Powassan,Powassan M,Municipality,3346,2839,1007,0.3547,3030.0,1234.0,0.40726072607260727,5.256072607260726,Mayor,Acclaimed,Mayor,Elected,False,True,False,True,True,True,True,252,121,0.6352583586626139,,47,exact normalized name and legal type,exact normalized name and legal type,AMO published turnout workbook
Municipality of Whitestone,Whitestone M,Municipality,1075,3673,1213,0.3302,3722.0,1512.0,0.4062332079527136,7.603320795271362,Mayor,Acclaimed,Mayor,Acclaimed,False,False,False,True,True,True,True,271,122,0.6322188449848024,,38,exact normalized name and legal type,exact normalized name and legal type,AMO published turnout workbook
Township of Ashfield-Colborne-Wawanosh,Ashfield-Colborne-Wawanosh Tp,Township,5884,5786,2095,0.3621,5861.0,2377.0,0.40556219075243133,4.346219075243135,Reeve,Acclaimed,Mayor,Acclaimed,False,False,False,True,True,True,True,245,123,0.6291793313069909,,52,exact normalized name and legal type,exact normalized name and legal type,AMO published turnout workbook
Township of Bonfield,Bonfield Tp,Township,2146,1839,753,0.4095,2441.0,989.0,0.4051618189266694,-0.43381810733305604,Mayor,Elected,Mayor,Elected,True,True,True,True,True,True,True,187,124,0.6261398176291794,79,99,exact normalized name and legal type,exact normalized name and legal type,AMO published turnout workbook
Township of Wilmot,Wilmot Tp,Township,21429,15919,6021,0.3782,17352.0,7002.0,0.40352697095435686,2.5326970954356876,Mayor,Elected,Mayor,Elected,True,True,True,True,True,True,True,226,125,0.6231003039513677,80,66,exact normalized name and legal type,exact normalized name and legal type,AMO published turnout workbook
Municipality of Central Manitoulin,Central Manitoulin M,Municipality,2235,3168,1086,0.3428,3342.0,1348.0,0.40335128665469777,6.055128665469778,Mayor,Acclaimed,Mayor,Elected,False,True,False,True,True,True,True,262,126,0.6200607902735562,,44,exact normalized name and legal type,exact normalized name and legal type,AMO published turnout workbook
Tay Valley Township,Tay Valley Tp,Township,5925,6900,3449,0.4999,6324.0,2548.0,0.40290955091714103,-9.699044908285897,Reeve,Elected,Reeve,Elected,True,True,True,True,True,True,True,70,127,0.6170212765957447,81,220,exact normalized name and legal type,exact normalized name and legal type,AMO published turnout workbook
The Nation Municipality,The Nation M,Municipality,13350,9792,4820,0.4922,10027.0,4036.0,0.4025132143213324,-8.96867856786676,Mayor,Elected,Mayor,Elected,True,True,True,True,True,True,True,78,128,0.6139817629179332,82,210,exact normalized name and legal type,exact normalized name and legal type,AMO published turnout workbook
Town of Hawkesbury,Hawkesbury T,Town,10194,8365,4367,0.5221,8406.0,3378.0,0.40185581727337616,-12.024418272662384,Mayor,Elected,Mayor,Elected,True,True,True,True,True,True,True,52,129,0.6109422492401215,83,245,exact normalized name and legal type,exact normalized name and legal type,AMO published turnout workbook
Township of Montague,Montague Tp,Township,3914,3100,1482,0.4781,3392.0,1362.0,0.40153301886792453,-7.65669811320755,Reeve,Elected,Reeve,Elected,True,True,True,True,True,True,True,94,130,0.60790273556231,84,191,exact normalized name and legal type,exact normalized name and legal type,AMO published turnout workbook
Township of La Vallee,La Vallee Tp,Township,788,753,341,0.4529,730.0,292.0,0.4,-5.29,Reeve,Elected,Reeve,Elected,True,True,True,True,True,True,True,124,131,0.6048632218844985,85,160,exact normalized name and legal type,exact normalized name and legal type,AMO published turnout workbook
Town of Collingwood,Collingwood T,Town,24811,19713,9484,0.4811,22142.0,8784.0,0.3967121307921597,-8.43878692078403,Mayor,Elected,Mayor,Elected,True,True,True,True,True,True,True,88,132,0.601823708206687,86,201,exact normalized name and legal type,exact normalized name and legal type,AMO published turnout workbook
Township of Uxbridge,Uxbridge Tp,Township,21556,16459,8576,0.5211,17006.0,6736.0,0.3960954957073974,-12.500450429260262,Mayor,Elected,Mayor,Acclaimed,True,False,False,True,True,True,True,53,133,0.5987841945288754,,252,exact normalized name and legal type,exact normalized name and legal type,AMO published turnout workbook
Town of Penetanguishene,Penetanguishene T,Town,10077,6802,2858,0.4202,7448.0,2943.0,0.39513963480128894,-2.506036519871108,Mayor,Elected,Mayor,Elected,True,True,True,True,True,True,True,176,134,0.5957446808510638,87,122,exact normalized name and legal type,exact normalized name and legal type,AMO published turnout workbook
Town of Smiths Falls,Smiths Falls ST,Town,9254,6498,3241,0.4988,6840.0,2695.0,0.39400584795321636,-10.479415204678366,Mayor,Elected,Mayor,Elected,True,True,True,True,True,True,True,71,135,0.5927051671732523,88,228,exact normalized name and legal type,exact normalized name and legal type,AMO published turnout workbook
Town of Amherstburg,Amherstburg T,Town,23524,17324,7403,0.4273,18653.0,7339.0,0.3934487749959792,-3.3851225004020824,Mayor,Elected,Mayor,Elected,True,True,True,True,True,True,True,164,136,0.5896656534954408,89,136,exact normalized name and legal type,exact normalized name and legal type,AMO published turnout workbook
Township of St. Clair,St Clair Tp,Township,14659,11648,5588,0.4797,12555.0,4939.0,0.3933890880127439,-8.63109119872561,Mayor,Elected,Mayor,Elected,True,True,True,True,True,True,True,90,137,0.5866261398176292,90,205,exact normalized name and legal type,exact normalized name and legal type,AMO published turnout workbook
Municipality of Lambton Shores,Lambton Shores M,Municipality,11876,10904,4985,0.4572,12225.0,4809.0,0.39337423312883435,-6.382576687116565,Mayor,Elected,Mayor,Elected,True,True,True,True,True,True,True,115,138,0.5835866261398176,91,174,exact normalized name and legal type,exact normalized name and legal type,AMO published turnout workbook
Town of Moosonee,Moosonee T,Town,1512,983,171,0.174,1124.0,442.0,0.3932384341637011,21.923843416370108,Mayor,Acclaimed,Mayor,Elected,False,True,False,True,True,True,True,323,139,0.5805471124620061,,5,exact normalized name and legal type,exact normalized name and legal type,AMO published turnout workbook
Town of Hanover,Hanover T,Town,7967,5411,2632,0.4864,6115.0,2401.0,0.39264104660670485,-9.375895339329515,Mayor,Elected,Mayor,Elected,True,True,True,True,True,True,True,84,140,0.5775075987841946,92,219,exact normalized name and legal type,exact normalized name and legal type,AMO published turnout workbook
Town of Englehart,Englehart T,Town,1442,1121,540,0.4817,1201.0,471.0,0.39217318900915904,-8.952681099084097,Mayor,Elected,Mayor,Elected,True,True,True,True,True,True,True,87,141,0.574468085106383,93,209,exact normalized name and legal type,exact normalized name and legal type,AMO published turnout workbook
Town of Bancroft,Bancroft T,Town,4065,3579,1602,0.4476,3816.0,1496.0,0.3920335429769392,-5.556645702306079,Mayor,Elected,Mayor,Elected,True,True,True,True,True,True,True,134,142,0.5714285714285714,94,165,exact normalized name and legal type,exact normalized name and legal type,AMO published turnout workbook
Township of Tudor and Cashel,Tudor and Cashel Tp,Township,740,1670,582,0.3485,1722.0,674.0,0.3914053426248548,4.290534262485485,Reeve,Elected,Mayor,Elected,True,True,True,True,True,True,True,254,143,0.5683890577507599,95,54,exact normalized name and legal type,exact normalized name and legal type,AMO published turnout workbook
Municipality of McDougall,McDougall Tp,Municipality,2744,3652,1150,0.3149,3841.0,1500.0,0.39052330122363965,7.562330122363964,Mayor,Acclaimed,Mayor,Elected,False,True,False,True,True,True,True,280,144,0.5653495440729484,,40,exact normalized name; legal type changed,exact normalized name and legal type,AMO published turnout workbook
City of Owen Sound,Owen Sound C,City,21612,15257,6762,0.4432,15960.0,6230.0,0.39035087719298245,-5.284912280701754,Mayor,Elected,Mayor,Elected,True,True,True,True,True,True,True,139,145,0.5623100303951368,96,159,exact normalized name and legal type,exact normalized name and legal type,AMO published turnout workbook
Township of Red Rock,Red Rock Tp,Township,895,740,338,0.4568,774.0,301.0,0.3888888888888889,-6.791111111111109,Mayor,Elected,Mayor,Acclaimed,True,False,False,True,True,True,True,117,146,0.5592705167173252,,178,exact normalized name and legal type,exact normalized name and legal type,AMO published turnout workbook
Town of Saugeen Shores,Saugeen Shores T,Town,15908,12252,6066,0.4951,13612.0,5287.0,0.3884072876873347,-10.669271231266531,Mayor,Acclaimed,Mayor,Acclaimed,False,False,False,True,True,True,True,75,147,0.5562310030395137,,232,exact normalized name and legal type,exact normalized name and legal type,AMO published turnout workbook
Municipality of Strathroy-Caradoc,Strathroy-Caradoc M,Municipality,23871,16243,6141,0.3781,18111.0,7027.0,0.3879962453757385,0.9896245375738522,Mayor,Elected,Mayor,Elected,True,True,True,True,True,True,True,227,148,0.5531914893617021,97,83,exact normalized name and legal type,exact normalized name and legal type,AMO published turnout workbook
Township of Stirling-Rawdon,Stirling-Rawdon Tp,Township,5015,3949,1894,0.4796,4259.0,1647.0,0.3867104954214604,-9.28895045785396,Mayor,Elected,Mayor,Elected,True,True,True,True,True,True,True,91,149,0.5501519756838906,98,216,exact normalized name and legal type,exact normalized name and legal type,AMO published turnout workbook
Township of Tarbutt,Tarbutt Tp,Township,573,652,233,0.3574,660.0,255.0,0.38636363636363635,2.8963636363636356,Mayor,Elected,Mayor,Acclaimed,True,False,False,True,True,True,True,250,150,0.5455927051671733,,65,exact normalized name and legal type,exact normalized name and legal type,AMO published turnout workbook
Township of Val Rita-Harty,Val Rita-Harty Tp,Township,757,683,305,0.4466,748.0,289.0,0.38636363636363635,-6.023636363636364,Mayor,Elected,Mayor,Elected,True,True,True,True,True,True,True,135,150,0.5455927051671733,99,170,exact normalized name and legal type,exact normalized name and legal type,AMO published turnout workbook
Township of Brock,Brock Tp,Township,12567,10042,4687,0.4667,10604.0,4094.0,0.3860807242549981,-8.061927574500189,Mayor,Elected,Mayor,Elected,True,True,True,True,True,True,True,107,152,0.541033434650456,100,198,exact normalized name and legal type,exact normalized name and legal type,AMO published turnout workbook
Township of Horton,Horton Tp,Township,3182,2760,1482,0.537,2973.0,1146.0,0.3854692230070636,-15.153077699293643,Mayor,Elected,Mayor,Acclaimed,True,False,False,True,True,True,True,39,153,0.5379939209726444,,268,exact normalized name and legal type,exact normalized name and legal type,AMO published turnout workbook
Township of East Zorra-Tavistock,East Zorra - Tavistock Tp,Township,7841,4800,2133,0.4444,5771.0,2222.0,0.38502859123202215,-5.937140876797786,Mayor,Elected,Mayor,Elected,True,True,True,True,True,True,True,138,154,0.5349544072948328,101,168,exact normalized name and legal type,exact normalized name and legal type,AMO published turnout workbook
Municipality of Huron Shores,Huron Shores M,Municipality,1860,2331,473,0.2029,2157.0,830.0,0.3847936949466852,18.18936949466852,Mayor,Elected,Mayor,Elected,True,True,True,True,True,True,True,320,155,0.5319148936170213,102,7,exact normalized name and legal type,exact normalized name and legal type,AMO published turnout workbook
Township of Baldwin,Baldwin Tp,Township,579,648,198,0.3056,624.0,238.0,0.3814102564102564,7.58102564102564,Mayor,Acclaimed,Mayor,Acclaimed,False,False,False,True,True,True,True,288,156,0.5288753799392097,,39,exact normalized name and legal type,exact normalized name and legal type,AMO published turnout workbook
Township of Augusta,Augusta Tp,Township,7386,5962,2565,0.4302,6012.0,2289.0,0.38073852295409183,-4.946147704590819,Mayor,Elected,Mayor,Elected,True,True,True,True,True,True,True,160,157,0.5258358662613982,103,153,exact normalized name and legal type,exact normalized name and legal type,AMO published turnout workbook
Village of Burk's Falls,Burk's Falls V,Village,957,719,206,0.2865,833.0,317.0,0.38055222088835533,9.405222088835535,Reeve,Acclaimed,Mayor,Elected,False,True,False,True,True,True,True,297,158,0.5227963525835866,,24,exact normalized name and legal type,exact normalized name and legal type,AMO published turnout workbook
Township of Perth South,Perth South Tp,Township,3776,3079,1265,0.4108,3087.0,1170.0,0.37900874635568516,-3.179125364431484,Mayor,Elected,Mayor,Acclaimed,True,False,False,True,True,True,True,186,159,0.5197568389057751,,131,exact normalized name and legal type,exact normalized name and legal type,AMO published turnout workbook
Township of Emo,Emo Tp,Township,1204,1018,605,0.5943,1094.0,414.0,0.37842778793418647,-21.587221206581358,Mayor,Elected,Mayor,Acclaimed,True,False,False,True,True,True,True,18,160,0.5167173252279635,,300,exact normalized name and legal type,exact normalized name and legal type,AMO published turnout workbook
Township of Laurentian Valley,Laurentian Valley Tp,Township,9450,7722,3448,0.4465,8033.0,3038.0,0.3781899663886468,-6.831003361135318,Mayor,Elected,Mayor,Acclaimed,True,False,False,True,True,True,True,136,161,0.513677811550152,,180,exact normalized name and legal type,exact normalized name and legal type,AMO published turnout workbook
Town of Tillsonburg,Tillsonburg T,Town,18615,12339,4942,0.4005,14287.0,5376.0,0.3762861342479177,-2.421386575208234,Mayor,Elected,Mayor,Elected,True,True,True,True,True,True,True,196,162,0.5106382978723404,104,120,exact normalized name and legal type,exact normalized name and legal type,AMO published turnout workbook
Municipality of Tweed,Tweed M,Municipality,6067,5728,2449,0.4275,6199.0,2328.0,0.3755444426520407,-5.195555734795931,Mayor,Elected,Mayor,Acclaimed,True,False,False,True,True,True,True,163,163,0.5075987841945289,,157,exact normalized name and legal type,exact normalized name and legal type,AMO published turnout workbook
Town of Grimsby,Grimsby T,Town,28883,20560,9004,0.4379,23981.0,9003.0,0.3754222092489888,-6.247779075101123,Mayor,Elected,Mayor,Elected,True,True,True,True,True,True,True,150,164,0.5045592705167173,105,172,exact normalized name and legal type,exact normalized name and legal type,AMO published turnout workbook
Municipality of Wawa,Wawa M,Municipality,2705,2131,837,0.3928,2067.0,773.0,0.3739719400096759,-1.8828059990324109,Mayor,Acclaimed,Mayor,Acclaimed,False,False,False,True,True,True,True,208,165,0.5015197568389058,,111,exact normalized name and legal type,exact normalized name and legal type,AMO published turnout workbook
Township of Southwold,Southwold Tp,Township,4851,3562,1686,0.4733,4108.0,1534.0,0.37341772151898733,-9.988227848101266,Mayor,Elected,Mayor,Elected,True,True,True,True,True,True,True,99,166,0.49848024316109424,106,224,exact normalized name and legal type,exact normalized name and legal type,AMO published turnout workbook
Town of Greater Napanee,Greater Napanee T,Town,16879,12094,6098,0.5042,12718.0,4742.0,0.3728573675106149,-13.13426324893851,Mayor,Elected,Mayor,Acclaimed,True,False,False,True,True,True,True,67,167,0.49544072948328266,,258,exact normalized name and legal type,exact normalized name and legal type,AMO published turnout workbook
Municipality of Northern Bruce Peninsula,Northern Bruce Peninsula M,Municipality,4404,9644,3965,0.4111,9682.0,3607.0,0.37254699442263994,-3.8553005577360078,Mayor,Elected,Mayor,Elected,True,True,True,True,True,True,True,185,168,0.49240121580547114,107,140,exact normalized name and legal type,exact normalized name and legal type,AMO published turnout workbook
Township of Gauthier,Gauthier Tp,Township,151,141,57,0.4043,145.0,54.0,0.3724137931034483,-3.1886206896551696,Reeve,Acclaimed,Reeve,Acclaimed,False,False,False,True,True,True,True,191,169,0.48936170212765956,,132,exact normalized name and legal type,exact normalized name and legal type,AMO published turnout workbook
"United Townships of Head, Clara & Maria","Head, Clara and Maria Tp",Township,267,614,302,0.4919,590.0,219.0,0.3711864406779661,-12.071355932203392,Mayor,Elected,Mayor,Elected,True,True,True,True,True,True,True,79,170,0.48632218844984804,108,246,exact normalized name and legal type,exact normalized name and legal type,AMO published turnout workbook
Township of Chatsworth,Chatsworth Tp,Township,7080,5964,2202,0.3692,6058.0,2245.0,0.37058435127104655,0.138435127104658,Mayor,Acclaimed,Mayor,Elected,False,True,False,True,True,True,True,241,171,0.48328267477203646,,94,exact normalized name and legal type,exact normalized name and legal type,AMO published turnout workbook
Municipality of Marmora and Lake,Marmora and Lake M,Municipality,4267,4803,1875,0.3904,4844.0,1794.0,0.370355078447564,-2.0044921552436037,Mayor,Elected,Mayor,Elected,True,True,True,True,True,True,True,211,172,0.48024316109422494,109,113,exact normalized name and legal type,exact normalized name and legal type,AMO published turnout workbook
Municipality of Meaford,Meaford M,Municipality,11485,10309,4515,0.438,10522.0,3896.0,0.3702718114426915,-6.77281885573085,Mayor,Elected,Mayor,Elected,True,True,True,True,True,True,True,148,173,0.47720364741641336,110,177,exact normalized name and legal type,exact normalized name and legal type,AMO published turnout workbook
Township of Moonbeam,Moonbeam Tp,Township,1157,1597,790,0.4947,1636.0,605.0,0.3698044009779951,-12.489559902200487,Mayor,Elected,Mayor,Elected,True,True,True,True,True,True,True,76,174,0.47416413373860183,111,251,exact normalized name and legal type,exact normalized name and legal type,AMO published turnout workbook
Municipality of Hastings Highlands,Hastings Highlands M,Municipality,4385,7036,2701,0.3839,6689.0,2472.0,0.36956196740917924,-1.4338032590820782,Mayor,Elected,Mayor,Elected,True,True,True,True,True,True,True,219,175,0.47112462006079026,112,105,exact normalized name and legal type,exact normalized name and legal type,AMO published turnout workbook
Town of Huntsville,Huntsville T,Town,21147,18277,6572,0.3596,20837.0,7693.0,0.3691990209723089,0.9599020972308914,Mayor,Elected,Mayor,Elected,True,True,True,True,True,True,True,248,176,0.46808510638297873,113,84,exact normalized name and legal type,exact normalized name and legal type,AMO published turnout workbook
Township of Douro-Dummer,Douro-Dummer Tp,Township,7632,6819,2285,0.3351,7230.0,2669.0,0.3691562932226833,3.405629322268328,Mayor,Acclaimed,Mayor,Elected,False,True,False,True,True,True,True,266,177,0.46504559270516715,,60,exact normalized name and legal type,exact normalized name and legal type,AMO published turnout workbook
Town of Erin,Erin T,Town,11981,8685,3208,0.3694,9313.0,3434.0,0.3687318801675078,-0.06681198324922089,Mayor,Elected,Mayor,Elected,True,True,True,True,True,True,True,240,178,0.46200607902735563,114,98,exact normalized name and legal type,exact normalized name and legal type,AMO published turnout workbook
Township of Joly,Joly Tp,Township,293,658,331,0.503,692.0,255.0,0.3684971098265896,-13.450289017341039,Mayor,Elected,Mayor,Acclaimed,True,False,False,True,True,True,True,68,179,0.45896656534954405,,260,exact normalized name and legal type,exact normalized name and legal type,AMO published turnout workbook
Township of Ryerson,Ryerson Tp,Township,745,1190,470,0.395,1307.0,481.0,0.3680183626625861,-2.698163733741393,Reeve,Elected,Mayor,Elected,True,True,True,True,True,True,True,203,180,0.45592705167173253,115,126,exact normalized name and legal type,exact normalized name and legal type,AMO published turnout workbook
Township of Wellington North,Wellington North Tp,Township,12431,8124,3471,0.4273,8545.0,3143.0,0.36781743709771797,-5.948256290228205,Mayor,Elected,Mayor,Elected,True,True,True,True,True,True,True,164,181,0.45288753799392095,116,169,exact normalized name and legal type,exact normalized name and legal type,AMO published turnout workbook
Township of Adelaide Metcalfe,Adelaide-Metcalfe Tp,Township,3011,2415,1135,0.47,2464.0,896.0,0.36363636363636365,-10.636363636363633,Mayor,Elected,Mayor,Acclaimed,True,False,False,True,True,True,True,103,182,0.44984802431610943,,231,exact normalized name and legal type,exact normalized name and legal type,AMO published turnout workbook
Town of Bracebridge,Bracebridge T,Town,17305,15000,5910,0.394,16626.0,6044.0,0.3635270058943823,-3.047299410561771,Mayor,Elected,Mayor,Elected,True,True,True,True,True,True,True,205,183,0.44680851063829785,117,129,exact normalized name and legal type,exact normalized name and legal type,AMO published turnout workbook
Town of Shelburne,Shelburne T,Town,8994,4876,1854,0.3802,5823.0,2110.0,0.3623561737935772,-1.7843826206422775,Mayor,Acclaimed,Mayor,Acclaimed,False,False,False,True,True,True,True,224,184,0.44376899696048633,,109,exact normalized name and legal type,exact normalized name and legal type,AMO published turnout workbook
Township of Madoc,Madoc Tp,Township,2233,1988,832,0.4185,2069.0,747.0,0.36104398260028997,-5.7456017399710015,Reeve,Elected,Mayor,Elected,True,True,True,True,True,True,True,177,185,0.44072948328267475,118,167,exact normalized name and legal type,exact normalized name and legal type,AMO published turnout workbook
Township of Mulmur,Mulmur Tp,Township,3571,3492,1517,0.4344,3626.0,1309.0,0.361003861003861,-7.339613899613901,Mayor,Elected,Mayor,Acclaimed,True,False,False,True,True,True,True,156,186,0.4376899696048632,,187,exact normalized name and legal type,exact normalized name and legal type,AMO published turnout workbook
Township of Morley,Morley Tp,Township,493,0,0,0.0,582.0,210.0,0.36082474226804123,,Reeve,Acclaimed,Reeve,Elected,False,True,False,False,True,False,True,,187,0.43465045592705165,,,exact normalized name and legal type,exact normalized name and legal type,AMO published turnout workbook
Township of Ramara,Ramara Tp,Township,10377,11146,4344,0.3897,11869.0,4282.0,0.36077175836211983,-2.892824163788016,Mayor,Elected,Mayor,Elected,True,True,True,True,True,True,True,212,188,0.4316109422492401,119,128,exact normalized name and legal type,exact normalized name and legal type,AMO published turnout workbook
Township of The North Shore,The North Shore Tp,Township,531,921,317,0.3442,644.0,232.0,0.36024844720496896,1.6048447204968952,Mayor,Elected,Mayor,Acclaimed,True,False,False,True,True,True,True,260,189,0.42857142857142855,,74,exact normalized name and legal type,exact normalized name and legal type,AMO published turnout workbook
Township of Oro-Medonte,Oro-Medonte Tp,Township,23017,18175,7756,0.4267,20157.0,7218.0,0.35808900133948507,-6.861099866051496,Mayor,Elected,Mayor,Elected,True,True,True,True,True,True,True,167,190,0.425531914893617,120,181,exact normalized name and legal type,exact normalized name and legal type,AMO published turnout workbook
Township of South Frontenac,South Frontenac Tp,Township,20188,17606,6738,0.3827,18166.0,6476.0,0.35649014642739185,-2.620985357260813,Mayor,Elected,Mayor,Elected,True,True,True,True,True,True,True,220,191,0.42249240121580545,121,123,exact normalized name and legal type,exact normalized name and legal type,AMO published turnout workbook
Town of Midland,Midland T,Town,17817,13200,4687,0.3551,14301.0,5089.0,0.3558492413117964,0.07492413117963781,Mayor,Elected,Mayor,Elected,True,True,True,True,True,True,True,251,192,0.4194528875379939,122,95,exact normalized name and legal type,exact normalized name and legal type,AMO published turnout workbook
City of Elliot Lake,Elliot Lake C,City,11372,9529,3284,0.3446,10382.0,3688.0,0.35523020612598727,1.0630206125987252,Mayor,Elected,Mayor,Elected,True,True,True,True,True,True,True,259,193,0.41641337386018235,123,81,exact normalized name and legal type,exact normalized name and legal type,AMO published turnout workbook
Municipality of Central Huron,Central Huron M,Municipality,7799,7082,2255,0.3184,6863.0,2433.0,0.3545096896400991,3.6109689640099085,Mayor,Acclaimed,Mayor,Elected,False,True,False,True,True,True,True,276,194,0.4133738601823708,,57,exact normalized name and legal type,exact normalized name and legal type,AMO published turnout workbook
Municipality of Brockton,Brockton M,Municipality,9784,7712,3781,0.4903,8012.0,2839.0,0.3543434847728407,-13.59565152271593,Mayor,Elected,Mayor,Acclaimed,True,False,False,True,True,True,True,81,195,0.41033434650455924,,262,exact normalized name and legal type,exact normalized name and legal type,AMO published turnout workbook
Township of McMurrich/Monteith,McMurrich-Monteith Tp,Township,907,1737,583,0.3356,1835.0,650.0,0.3542234332425068,1.8623433242506815,Reeve,Elected,Reeve,Elected,True,True,True,True,True,True,True,265,196,0.4072948328267477,124,72,exact normalized name and legal type,exact normalized name and legal type,AMO published turnout workbook
Township of Muskoka Lakes,Muskoka Lakes Tp,Township,7652,17006,6943,0.4083,17243.0,6106.0,0.3541147132169576,-5.418528678304241,Mayor,Elected,Mayor,Elected,True,True,True,True,True,True,True,188,197,0.40425531914893614,125,163,exact normalized name and legal type,exact normalized name and legal type,AMO published turnout workbook
Township of Alnwick/Haldimand,Alnwick-Haldimand Tp,Township,7473,6385,1505,0.2357,6973.0,2468.0,0.3539366126487882,11.823661264878819,Mayor,Acclaimed,Mayor,Elected,False,True,False,True,True,True,True,315,198,0.4012158054711246,,21,exact normalized name and legal type,exact normalized name and legal type,AMO published turnout workbook
Township of Georgian Bluffs,Georgian Bluffs Tp,Township,11100,10195,3736,0.3665,10638.0,3743.0,0.35185185185185186,-1.4648148148148132,Mayor,Elected,Mayor,Elected,True,True,True,True,True,True,True,243,199,0.3981762917933131,126,106,exact normalized name and legal type,exact normalized name and legal type,AMO published turnout workbook
Municipality of Morris-Turnberry,Morris-Turnberry M,Municipality,3590,2897,1088,0.3756,2959.0,1039.0,0.35113213923622844,-2.4467860763771556,Mayor,Acclaimed,Mayor,Acclaimed,False,False,False,True,True,True,True,232,200,0.3951367781155015,,121,exact normalized name and legal type,exact normalized name and legal type,AMO published turnout workbook
City of Pembroke,Pembroke C,City,14364,9579,4358,0.455,10375.0,3633.0,0.3501686746987952,-10.483132530120482,Mayor,Elected,Mayor,Acclaimed,True,False,False,True,True,True,True,120,201,0.39209726443769,,229,exact normalized name and legal type,exact normalized name and legal type,AMO published turnout workbook
Town of Prescott,Prescott ST,Town,4078,3216,1290,0.4011,3374.0,1180.0,0.34973325429756963,-5.136674570243038,Mayor,Acclaimed,Mayor,Acclaimed,False,False,False,True,True,True,True,195,202,0.3890577507598784,,155,exact normalized name and legal type,exact normalized name and legal type,AMO published turnout workbook
Municipality of Central Elgin,Central Elgin M,Municipality,13746,10717,4334,0.4044,12055.0,4199.0,0.34832019908751555,-5.607980091248443,Mayor,Elected,Mayor,Elected,True,True,True,True,True,True,True,190,203,0.3860182370820669,127,166,exact normalized name and legal type,exact normalized name and legal type,AMO published turnout workbook
Municipality of Grey Highlands,Grey Highlands M,Municipality,10424,9887,3666,0.3708,10465.0,3645.0,0.34830387004300045,-2.2496129956999567,Mayor,Elected,Mayor,Elected,True,True,True,True,True,True,True,238,204,0.3829787234042553,128,116,exact normalized name and legal type,exact normalized name and legal type,AMO published turnout workbook
Township of Woolwich,Woolwich Tp,Township,26999,17384,5490,0.3158,19882.0,6890.0,0.34654461321798613,3.0744613217986103,Mayor,Acclaimed,Mayor,Elected,False,True,False,True,True,True,True,278,205,0.3799392097264438,,64,exact normalized name and legal type,exact normalized name and legal type,AMO published turnout workbook
Township of Greater Madawaska,Greater Madawaska Tp,Township,2864,4915,1901,0.3868,5232.0,1809.0,0.34575688073394495,-4.104311926605503,Mayor,Elected,Mayor,Elected,True,True,True,True,True,True,True,215,206,0.3768996960486322,129,142,exact normalized name and legal type,exact normalized name and legal type,AMO published turnout workbook
Municipality of West Grey,West Grey M,Municipality,13131,10941,4615,0.4218,11667.0,4025.0,0.34499014313876747,-7.680985686123254,Mayor,Elected,Mayor,Elected,True,True,True,True,True,True,True,174,207,0.3738601823708207,130,192,exact normalized name and legal type,exact normalized name and legal type,AMO published turnout workbook
Township of Billings,Billings Tp,Township,753,1512,810,0.5357,1580.0,544.0,0.34430379746835443,-19.13962025316455,Mayor,Elected,Mayor,Acclaimed,True,False,False,True,True,True,True,40,208,0.3708206686930091,,294,exact normalized name and legal type,exact normalized name and legal type,AMO published turnout workbook
Township of North Frontenac,North Frontenac Tp,Township,2285,0,0,0.0,6195.0,2107.0,0.34011299435028247,,Mayor,Acclaimed,Mayor,Elected,False,True,False,False,True,False,True,,209,0.3677811550151976,,,exact normalized name and legal type,exact normalized name and legal type,AMO published turnout workbook
City of Brockville,Brockville C,City,22116,15600,7829,0.5019,16485.0,5603.0,0.33988474370639976,-16.201525629360024,Mayor,Elected,Mayor,Acclaimed,True,False,False,True,True,True,True,69,210,0.364741641337386,,273,exact normalized name and legal type,exact normalized name and legal type,AMO published turnout workbook
Township of Addington Highlands,Addington Highlands Tp,Township,2534,4586,1442,0.3144,4549.0,1539.0,0.3383161134315234,2.3916113431523387,Reeve,Elected,Reeve,Elected,True,True,True,True,True,True,True,281,211,0.3617021276595745,131,68,exact normalized name and legal type,exact normalized name and legal type,AMO published turnout workbook
Township of Lanark Highlands,Lanark Highlands Tp,Township,5737,6781,2984,0.4401,7032.0,2367.0,0.3366040955631399,-10.349590443686008,Mayor,Elected,Reeve,Elected,True,True,True,True,True,True,True,145,212,0.3586626139817629,132,226,exact normalized name and legal type,exact normalized name and legal type,AMO published turnout workbook
Township of Tiny,Tiny Tp,Township,12966,18496,4748,0.2567,19162.0,6434.0,0.3357687089030373,7.90687089030373,Mayor,Acclaimed,Mayor,Elected,False,True,False,True,True,True,True,309,213,0.3556231003039514,,34,exact normalized name and legal type,exact normalized name and legal type,AMO published turnout workbook
Town of Gore Bay,Gore Bay T,Town,808,0,0,0.0,785.0,263.0,0.33503184713375794,,Mayor,Acclaimed,Mayor,Elected,False,True,False,False,True,False,True,,214,0.3525835866261398,,,exact normalized name and legal type,exact normalized name and legal type,AMO published turnout workbook
Township of Central Frontenac,Central Frontenac Tp,Township,4892,7345,1832,0.2494,7872.0,2618.0,0.3325711382113821,8.31711382113821,Mayor,Acclaimed,Mayor,Acclaimed,False,False,False,True,True,True,True,310,215,0.3495440729483283,,29,exact normalized name and legal type,exact normalized name and legal type,AMO published turnout workbook
Township of Tyendinaga,Tyendinaga Tp,Township,4538,3371,1703,0.5052,3684.0,1223.0,0.3319761129207383,-17.322388707926166,Reeve,Elected,Reeve,Elected,True,True,True,True,True,True,True,65,216,0.3465045592705167,133,283,exact normalized name and legal type,exact normalized name and legal type,AMO published turnout workbook
Municipality of Machin,Machin Tp,Municipality,1012,936,361,0.3857,956.0,317.0,0.33158995815899583,-5.411004184100415,Mayor,Elected,Mayor,Elected,True,True,True,True,True,True,True,216,217,0.3434650455927052,134,162,exact normalized name; legal type changed,exact normalized name and legal type,AMO published turnout workbook
Municipality of Sioux Lookout,Sioux Lookout M,Municipality,5839,3200,1767,0.5522,3185.0,1054.0,0.33092621664050237,-22.127378335949764,Mayor,Elected,Mayor,Acclaimed,True,False,False,True,True,True,True,31,218,0.3404255319148936,,302,exact normalized name and legal type,exact normalized name and legal type,AMO published turnout workbook
Township of Sables-Spanish Rivers,Sables-Spanish Rivers Tp,Township,3237,3212,1014,0.3157,3316.0,1093.0,0.3296139927623643,1.3913992762364324,Mayor,Elected,Mayor,Elected,True,True,True,True,True,True,True,279,219,0.3373860182370821,135,78,exact normalized name and legal type,exact normalized name and legal type,AMO published turnout workbook
Township of Springwater,Springwater Tp,Township,21701,15895,5962,0.3751,17506.0,5756.0,0.32880155375299897,-4.629844624700103,Mayor,Elected,Mayor,Elected,True,True,True,True,True,True,True,233,220,0.3343465045592705,136,150,exact normalized name and legal type,exact normalized name and legal type,AMO published turnout workbook
Township of Amaranth,Amaranth Tp,Township,4327,3385,1360,0.4018,3463.0,1138.0,0.32861680623736644,-7.3183193762633545,Mayor,Elected,Mayor,Elected,True,True,True,True,True,True,True,194,221,0.331306990881459,137,186,exact normalized name and legal type,exact normalized name and legal type,AMO published turnout workbook
Township of Elizabethtown-Kitley,Elizabethtown-Kitley Tp,Township,9545,8325,3275,0.3934,8242.0,2708.0,0.3285610288764863,-6.4838971123513724,Mayor,Elected,Mayor,Elected,True,True,True,True,True,True,True,207,222,0.3282674772036474,138,175,exact normalized name and legal type,exact normalized name and legal type,AMO published turnout workbook
Town of Gravenhurst,Gravenhurst T,Town,13157,13692,4297,0.3138,15033.0,4933.0,0.3281447482205814,1.434474822058135,Mayor,Acclaimed,Mayor,Elected,False,True,False,True,True,True,True,282,223,0.3252279635258359,,76,exact normalized name and legal type,exact normalized name and legal type,AMO published turnout workbook
Township of Rideau Lakes,Rideau Lakes Tp,Township,10883,12435,5137,0.4131,12876.0,4225.0,0.32812985399192296,-8.497014600807706,Mayor,Elected,Mayor,Elected,True,True,True,True,True,True,True,181,224,0.3221884498480243,139,203,exact normalized name and legal type,exact normalized name and legal type,AMO published turnout workbook
Township of Perth East,Perth East Tp,Township,12595,8271,3531,0.4269,8744.0,2860.0,0.32708142726440986,-9.981857273559013,Mayor,Elected,Mayor,Elected,True,True,True,True,True,True,True,166,225,0.3191489361702128,140,223,exact normalized name and legal type,exact normalized name and legal type,AMO published turnout workbook
Town of Pelham,Pelham T,Town,18192,14264,7195,0.5044,15878.0,5179.0,0.326174581181509,-17.822541881849098,Mayor,Elected,Mayor,Elected,True,True,True,True,True,True,True,66,226,0.3161094224924012,141,285,exact normalized name and legal type,exact normalized name and legal type,AMO published turnout workbook
Township of Melancthon,Melancthon Tp,Township,3132,2444,598,0.2447,2545.0,827.0,0.324950884086444,8.025088408644402,Mayor,Acclaimed,Mayor,Elected,False,True,False,True,True,True,True,313,227,0.3130699088145897,,31,exact normalized name and legal type,exact normalized name and legal type,AMO published turnout workbook
Township of Nairn & Hyman,Nairn and Hyman Tp,Township,373,575,148,0.2574,620.0,201.0,0.3241935483870968,6.679354838709678,Mayor,Acclaimed,Mayor,Elected,False,True,False,True,True,True,True,308,228,0.3100303951367781,,41,exact normalized name and legal type,exact normalized name and legal type,AMO published turnout workbook
Municipality of Trent Hills,Trent Hills M,Municipality,13861,11918,4386,0.368,12672.0,4083.0,0.3222064393939394,-4.57935606060606,Mayor,Elected,Mayor,Elected,True,True,True,True,True,True,True,242,229,0.3069908814589666,142,148,exact normalized name and legal type,exact normalized name and legal type,AMO published turnout workbook
Town of Northeastern Manitoulin and the Islands,Northeastern Manitoulin & The Isl T,Town,2641,3281,1436,0.4377,3329.0,1069.0,0.32111745268849506,-11.65825473115049,Mayor,Elected,Mayor,Acclaimed,True,False,False,True,True,True,True,151,230,0.303951367781155,,239,manual documented alias,exact normalized name and legal type,AMO published turnout workbook
Town of Hearst,Hearst T,Town,4794,3790,1711,0.4515,3731.0,1195.0,0.32028946663093005,-13.121053336906996,Mayor,Elected,Mayor,Elected,True,True,True,True,True,True,True,128,231,0.3009118541033435,143,257,exact normalized name and legal type,exact normalized name and legal type,AMO published turnout workbook
Township of Clearview,Clearview Tp,Township,14814,12117,4608,0.3803,12993.0,4125.0,0.3174786423458785,-6.28213576541215,Mayor,Elected,Mayor,Acclaimed,True,False,False,True,True,True,True,223,232,0.2978723404255319,,173,exact normalized name and legal type,exact normalized name and legal type,AMO published turnout workbook
Municipality of Magnetawan,Magnetawan M,Municipality,1753,3627,1207,0.3328,3689.0,1169.0,0.31688804554079697,-1.5911954459203015,Mayor,Elected,Mayor,Elected,True,True,True,True,True,True,True,268,233,0.2948328267477204,144,107,exact normalized name and legal type,exact normalized name and legal type,AMO published turnout workbook
Municipality of Centre Hastings,Centre Hastings M,Municipality,4801,4040,1778,0.4401,4463.0,1414.0,0.3168272462469191,-12.327275375308089,Mayor,Acclaimed,Mayor,Acclaimed,False,False,False,True,True,True,True,145,234,0.2917933130699088,,250,exact normalized name and legal type,exact normalized name and legal type,AMO published turnout workbook
City of Port Colborne,Port Colborne C,City,20033,15240,6646,0.4361,15852.0,5008.0,0.3159222811001766,-12.017771889982336,Mayor,Elected,Mayor,Elected,True,True,True,True,True,True,True,154,235,0.2887537993920973,145,243,exact normalized name and legal type,exact normalized name and legal type,AMO published turnout workbook
"Township of MacDonald, Meredith & Aberdeen Add'l",Macdonald Meredith et al Tp,Township,1513,1704,669,0.3926,1554.0,490.0,0.3153153153153153,-7.728468468468469,Mayor,Elected,Mayor,Acclaimed,True,False,False,True,True,True,True,209,236,0.2857142857142857,,194,manual documented alias,exact normalized name and legal type,AMO published turnout workbook
Municipality of Dysart Et Al,Dysart et al Tp,Municipality,7182,13526,6112,0.4519,9588.0,3017.0,0.3146641635377555,-13.723583646224451,Mayor,Elected,Mayor,Acclaimed,True,False,False,True,True,True,True,126,237,0.2826747720364742,,263,exact normalized name; legal type changed,exact normalized name and legal type,AMO published turnout workbook
Town of Aylmer,Aylmer T,Town,7699,5081,1499,0.295,5455.0,1715.0,0.31439046746104493,1.9390467461044947,Mayor,Elected,Mayor,Elected,True,True,True,True,True,True,True,294,238,0.2796352583586626,146,71,exact normalized name and legal type,exact normalized name and legal type,AMO published turnout workbook
Township of North Dundas,North Dundas Tp,Township,11304,8380,4077,0.4865,8716.0,2740.0,0.3143643873336393,-17.21356126663607,Mayor,Elected,Mayor,Acclaimed,True,False,False,True,True,True,True,83,239,0.2765957446808511,,281,exact normalized name and legal type,exact normalized name and legal type,AMO published turnout workbook
Township of Russell,Russell Tp,Township,19598,12655,6058,0.4787,15274.0,4773.0,0.3124918161581773,-16.62081838418227,Mayor,Elected,Mayor,Acclaimed,True,False,False,True,True,True,True,93,240,0.2735562310030395,,277,exact normalized name and legal type,exact normalized name and legal type,AMO published turnout workbook
Municipality of Bluewater,Bluewater M,Municipality,7540,8768,3794,0.4327,8913.0,2765.0,0.3102210254684169,-12.247897453158307,Mayor,Elected,Mayor,Acclaimed,True,False,False,True,True,True,True,158,241,0.270516717325228,,248,exact normalized name and legal type,exact normalized name and legal type,AMO published turnout workbook
Township of Severn,Severn Tp,Township,14576,13747,3051,0.2219,14147.0,4373.0,0.3091114723969746,8.721147239697464,Mayor,Acclaimed,Mayor,Elected,False,True,False,True,True,True,True,316,242,0.2674772036474164,,27,exact normalized name and legal type,exact normalized name and legal type,AMO published turnout workbook
Township of Chisholm,Chisholm Tp,Township,1312,0,0,0.0,1436.0,443.0,0.3084958217270195,,Mayor,Acclaimed,Mayor,Acclaimed,False,False,False,False,True,False,True,,243,0.26443768996960487,,,exact normalized name and legal type,exact normalized name and legal type,AMO published turnout workbook
Municipality of Huron East,Huron East M,Municipality,9512,7022,2643,0.3764,7562.0,2304.0,0.30468130124305737,-7.171869875694265,Mayor,Elected,Mayor,Elected,True,True,True,True,True,True,True,230,244,0.2613981762917933,147,185,exact normalized name and legal type,exact normalized name and legal type,AMO published turnout workbook
Township of Papineau-Cameron,Papineau-Cameron Tp,Township,982,1121,491,0.438,1253.0,381.0,0.3040702314445331,-13.39297685554669,Mayor,Elected,Mayor,Acclaimed,True,False,False,True,True,True,True,148,245,0.25835866261398177,,259,exact normalized name and legal type,exact normalized name and legal type,AMO published turnout workbook
Township of Leeds and the Thousand Islands,Leeds and the Thousand Islands Tp,Township,9804,9818,4529,0.4613,10221.0,3099.0,0.30319929556794833,-15.810070443205165,Mayor,Elected,Mayor,Acclaimed,True,False,False,True,True,True,True,113,246,0.2553191489361702,,271,exact normalized name and legal type,exact normalized name and legal type,AMO published turnout workbook
Township of Stone Mills,Stone Mills Tp,Township,7826,6757,2985,0.4418,7039.0,2126.0,0.3020315385708197,-13.976846142918031,Reeve,Elected,Reeve,Acclaimed,True,False,False,True,True,True,True,140,247,0.25227963525835867,,266,exact normalized name and legal type,exact normalized name and legal type,AMO published turnout workbook
Township of North Kawartha,North Kawartha Tp,Township,2877,6762,3064,0.4531,6774.0,2037.0,0.30070859167404784,-15.239140832595217,Mayor,Elected,Mayor,Acclaimed,True,False,False,True,True,True,True,123,248,0.24924012158054712,,270,exact normalized name and legal type,exact normalized name and legal type,AMO published turnout workbook
Township of Conmee,Conmee Tp,Township,798,727,306,0.4209,745.0,224.0,0.3006711409395973,-12.02288590604027,Mayor,Elected,Mayor,Elected,True,True,True,True,True,True,True,175,249,0.24620060790273557,148,244,exact normalized name and legal type,exact normalized name and legal type,AMO published turnout workbook
Loyalist Township,Loyalist Tp,Township,17943,12129,4445,0.3665,13705.0,4105.0,0.2995257205399489,-6.697427946005108,Mayor,Elected,Mayor,Elected,True,True,True,True,True,True,True,243,250,0.24316109422492402,149,176,exact normalized name and legal type,exact normalized name and legal type,AMO published turnout workbook
Municipality of Markstay-Warren,Markstay-Warren M,Municipality,2708,2445,970,0.3967,2704.0,807.0,0.2984467455621302,-9.82532544378698,Mayor,Elected,Mayor,Acclaimed,True,False,False,True,True,True,True,201,251,0.24012158054711247,,222,exact normalized name and legal type,exact normalized name and legal type,AMO published turnout workbook
Town of The Blue Mountains,The Blue Mountains T,Town,9390,12066,4785,0.3966,13903.0,4073.0,0.292958354312019,-10.3641645687981,Mayor,Elected,Mayor,Elected,True,True,True,True,True,True,True,202,252,0.23708206686930092,150,227,exact normalized name and legal type,exact normalized name and legal type,AMO published turnout workbook
Township of Havelock-Belmont-Methuen,Havelock-Belmont-Methuen Tp,Township,5083,7255,2924,0.403,7498.0,2194.0,0.29261136303014135,-11.038863696985867,Mayor,Elected,Mayor,Elected,True,True,True,True,True,True,True,192,253,0.23404255319148937,151,236,exact normalized name and legal type,exact normalized name and legal type,AMO published turnout workbook
Township of Lake of Bays,Lake of Bays Tp,Township,3759,8079,3054,0.378,8273.0,2406.0,0.29082557717877433,-8.717442282122567,Mayor,Elected,Mayor,Elected,True,True,True,True,True,True,True,228,254,0.23100303951367782,152,208,exact normalized name and legal type,exact normalized name and legal type,AMO published turnout workbook
Township of Seguin,Seguin Tp,Township,5280,9109,4313,0.4735,9032.0,2612.0,0.2891939769707706,-18.43060230292294,Mayor,Elected,Mayor,Acclaimed,True,False,False,True,True,True,True,98,255,0.22796352583586627,,288,exact normalized name and legal type,exact normalized name and legal type,AMO published turnout workbook
Township of Algonquin Highlands,Algonquin Highlands Tp,Township,2588,3361,995,0.296,7923.0,2290.0,0.28903193234885777,-0.6968067651142218,Mayor,Acclaimed,Mayor,Elected,False,True,False,True,True,True,True,293,256,0.22492401215805471,,102,exact normalized name and legal type,exact normalized name and legal type,AMO published turnout workbook
Municipality of North Perth,North Perth M,Municipality,15538,9687,2987,0.3084,10731.0,3100.0,0.2888826763582145,-1.951732364178549,Mayor,Elected,Mayor,Elected,True,True,True,True,True,True,True,286,257,0.22188449848024316,153,112,exact normalized name and legal type,exact normalized name and legal type,AMO published turnout workbook
Town of Kapuskasing,Kapuskasing T,Town,8057,6391,3060,0.4788,6675.0,1919.0,0.28749063670411984,-19.130936329588017,Mayor,Elected,Mayor,Acclaimed,True,False,False,True,True,True,True,92,258,0.2188449848024316,,293,exact normalized name and legal type,exact normalized name and legal type,AMO published turnout workbook
Town of Tecumseh,Tecumseh T,Town,23300,18779,7029,0.3743,19662.0,5646.0,0.2871528837351236,-8.714711626487642,Mayor,Acclaimed,Mayor,Acclaimed,False,False,False,True,True,True,True,235,259,0.21580547112462006,,207,exact normalized name and legal type,exact normalized name and legal type,AMO published turnout workbook
Village of Newbury,Newbury V,Village,440,0,0,0.0,417.0,119.0,0.2853717026378897,,Reeve,Acclaimed,Reeve,Acclaimed,False,False,False,False,True,False,True,,260,0.2127659574468085,,,exact normalized name and legal type,exact normalized name and legal type,AMO published turnout workbook
Municipality of Dutton Dunwich,Dutton-Dunwich M,Municipality,4152,3265,1487,0.4554,3611.0,1023.0,0.2833010246469122,-17.209897535308784,Mayor,Elected,Mayor,Elected,True,True,True,True,True,True,True,119,261,0.20972644376899696,154,280,exact normalized name and legal type,exact normalized name and legal type,AMO published turnout workbook
Township of Guelph/Eramosa,Guelph-Eramosa Tp,Township,13904,9979,4073,0.4082,10440.0,2946.0,0.28218390804597704,-12.601609195402297,Mayor,Elected,Mayor,Acclaimed,True,False,False,True,True,True,True,189,262,0.2066869300911854,,253,exact normalized name and legal type,exact normalized name and legal type,AMO published turnout workbook
Town of Kirkland Lake,Kirkland Lake T,Town,7750,6010,2651,0.4411,5992.0,1680.0,0.2803738317757009,-16.072616822429907,Mayor,Elected,Mayor,Elected,True,True,True,True,True,True,True,141,263,0.20364741641337386,155,272,exact normalized name and legal type,exact normalized name and legal type,AMO published turnout workbook
Township of Champlain,Champlain Tp,Township,8665,7370,4630,0.6282,7459.0,2086.0,0.2796621531036332,-34.85378468963668,Mayor,Elected,Mayor,Acclaimed,True,False,False,True,True,True,True,5,264,0.2006079027355623,,312,exact normalized name and legal type,exact normalized name and legal type,AMO published turnout workbook
Municipality of North Middlesex,North Middlesex M,Municipality,6307,4837,2245,0.4641,4428.0,1228.0,0.27732610659439927,-18.677389340560076,Mayor,Elected,Mayor,Acclaimed,True,False,False,True,True,True,True,112,265,0.19756838905775076,,290,exact normalized name and legal type,exact normalized name and legal type,AMO published turnout workbook
Town of Minto,Minto T,Town,9094,6275,3242,0.5167,6511.0,1805.0,0.27722316080479187,-23.947683919520816,Mayor,Elected,Mayor,Acclaimed,True,False,False,True,True,True,True,55,266,0.1945288753799392,,304,exact normalized name and legal type,exact normalized name and legal type,AMO published turnout workbook
Township of Casey,Casey Tp,Township,341,0,0,0.0,314.0,87.0,0.2770700636942675,,Reeve,Acclaimed,Reeve,Acclaimed,False,False,False,False,True,False,True,,267,0.19148936170212766,,,exact normalized name and legal type,exact normalized name and legal type,AMO published turnout workbook
Town of Lincoln,Lincoln T,Town,25719,17005,6694,0.3936,19834.0,5492.0,0.2768982555208228,-11.67017444791772,Mayor,Elected,Mayor,Acclaimed,True,False,False,True,True,True,True,206,268,0.1884498480243161,,240,exact normalized name and legal type,exact normalized name and legal type,AMO published turnout workbook
Township of Southgate,Southgate Tp,Township,8716,5852,1834,0.3134,6568.0,1786.0,0.27192448233861144,-4.147551766138857,Mayor,Elected,Mayor,Elected,True,True,True,True,True,True,True,283,269,0.18541033434650456,156,143,exact normalized name and legal type,exact normalized name and legal type,AMO published turnout workbook
Township of Hamilton,Hamilton Tp,Township,11059,9055,2512,0.2774,9567.0,2596.0,0.27134943033343784,-0.6050569666562144,Mayor,Acclaimed,Mayor,Acclaimed,False,False,False,True,True,True,True,301,270,0.182370820668693,,100,exact normalized name and legal type,exact normalized name and legal type,AMO published turnout workbook
Town of Petawawa,Petawawa T,Town,18160,12929,3799,0.2938,12440.0,3366.0,0.2705787781350482,-2.322122186495179,Mayor,Elected,Mayor,Elected,True,True,True,True,True,True,True,295,271,0.17933130699088146,157,119,exact normalized name and legal type,exact normalized name and legal type,AMO published turnout workbook
Town of Rainy River,Rainy River T,Town,752,644,256,0.3975,670.0,180.0,0.26865671641791045,-12.884328358208958,Mayor,Acclaimed,Mayor,Acclaimed,False,False,False,True,True,True,True,199,272,0.1762917933130699,,255,exact normalized name and legal type,exact normalized name and legal type,AMO published turnout workbook
Municipality of Trent Lakes,Trent Lakes M,Municipality,6439,11083,3992,0.3602,11743.0,3153.0,0.26850038320701697,-9.169961679298305,Mayor,Elected,Mayor,Elected,True,True,True,True,True,True,True,247,273,0.17325227963525835,158,215,exact normalized name and legal type,exact normalized name and legal type,AMO published turnout workbook
Township of Mapleton,Mapleton Tp,Township,10839,6762,2074,0.3067,7034.0,1851.0,0.2631504122831959,-4.354958771680407,Mayor,Elected,Mayor,Acclaimed,True,False,False,True,True,True,True,287,274,0.1702127659574468,,147,exact normalized name and legal type,exact normalized name and legal type,AMO published turnout workbook
Township of North Glengarry,North Glengarry Tp,Township,10144,8099,3526,0.4354,7442.0,1951.0,0.2621607094866971,-17.32392905133029,Mayor,Acclaimed,Mayor,Acclaimed,False,False,False,True,True,True,True,155,275,0.16717325227963525,,284,exact normalized name and legal type,exact normalized name and legal type,AMO published turnout workbook
Municipality of Neebing,Neebing M,Municipality,2241,2569,466,0.1814,2686.0,702.0,0.26135517498138494,7.9955174981384936,Mayor,Elected,Mayor,Elected,True,True,True,True,True,True,True,321,276,0.1641337386018237,159,32,exact normalized name and legal type,exact normalized name and legal type,AMO published turnout workbook
Township of Harris,Harris Tp,Township,530,0,0,0.0,433.0,113.0,0.26096997690531176,,Reeve,Acclaimed,Reeve,Elected,False,True,False,False,True,False,True,,277,0.16109422492401215,,,exact normalized name and legal type,exact normalized name and legal type,AMO published turnout workbook
Municipality of Middlesex Centre,Middlesex Centre M,Municipality,18928,12152,5226,0.4301,14313.0,3718.0,0.259763851044505,-17.033614895549498,Mayor,Elected,Mayor,Acclaimed,True,False,False,True,True,True,True,161,278,0.1580547112462006,,279,exact normalized name and legal type,exact normalized name and legal type,AMO published turnout workbook
Township of Beckwith,Beckwith Tp,Township,9021,6512,1618,0.2485,7572.0,1939.0,0.25607501320655046,0.7575013206550463,Reeve,Acclaimed,Reeve,Acclaimed,False,False,False,True,True,True,True,311,279,0.15501519756838905,,86,exact normalized name and legal type,exact normalized name and legal type,AMO published turnout workbook
Township of Blandford-Blenheim,Blandford - Blenheim Tp,Township,7565,5948,2054,0.3453,6105.0,1555.0,0.2547092547092547,-9.059074529074529,Mayor,Elected,Mayor,Acclaimed,True,False,False,True,True,True,True,257,280,0.1519756838905775,,212,exact normalized name and legal type,exact normalized name and legal type,AMO published turnout workbook
Township of Faraday,Faraday Tp,Township,1612,2504,775,0.3095,2640.0,671.0,0.25416666666666665,-5.533333333333335,Reeve,Acclaimed,Mayor,Acclaimed,False,False,False,True,True,True,True,285,281,0.14893617021276595,,164,exact normalized name and legal type,exact normalized name and legal type,AMO published turnout workbook
Town of Mono,Mono T,Town,9421,7180,2344,0.3265,7486.0,1880.0,0.25113545284531125,-7.536454715468876,Mayor,Elected,Mayor,Acclaimed,True,False,False,True,True,True,True,274,282,0.1458966565349544,,190,exact normalized name and legal type,exact normalized name and legal type,AMO published turnout workbook
City of Thorold,Thorold C,City,23816,14471,5219,0.3607,17992.0,4508.0,0.25055580257892396,-11.014419742107606,Mayor,Elected,Mayor,Elected,True,True,True,True,True,True,True,246,283,0.14285714285714285,160,235,exact normalized name and legal type,exact normalized name and legal type,AMO published turnout workbook
Township of Johnson,Johnson Tp,Township,749,861,376,0.4367,800.0,200.0,0.25,-18.669999999999998,Mayor,Elected,Mayor,Acclaimed,True,False,False,True,True,True,True,153,284,0.1398176291793313,,289,exact normalized name and legal type,exact normalized name and legal type,AMO published turnout workbook
Town of St. Marys,St Marys ST,Town,7386,5364,2078,0.3874,6204.0,1545.0,0.24903288201160542,-13.83671179883946,Mayor,Acclaimed,Mayor,Acclaimed,False,False,False,True,True,True,True,214,285,0.13677811550151975,,265,exact normalized name and legal type,exact normalized name and legal type,AMO published turnout workbook
Municipality of Bayham,Bayham M,Municipality,7096,5167,1098,0.2125,5672.0,1406.0,0.24788434414668548,3.538434414668548,Mayor,Acclaimed,Mayor,Elected,False,True,False,True,True,True,True,317,286,0.1337386018237082,,59,exact normalized name and legal type,exact normalized name and legal type,AMO published turnout workbook
Township of Minden Hills,Minden Hills Tp,Township,6971,11392,3847,0.3377,12019.0,2976.0,0.24760795407271818,-9.009204592728182,Mayor,Elected,Mayor,Acclaimed,True,False,False,True,True,True,True,264,287,0.13069908814589665,,211,exact normalized name and legal type,exact normalized name and legal type,AMO published turnout workbook
Township of Athens,Athens Tp,Township,3042,2622,722,0.2754,2586.0,639.0,0.2470997679814385,-2.8300232018561466,Mayor,Acclaimed,Mayor,Elected,False,True,False,True,True,True,True,305,288,0.1276595744680851,,127,exact normalized name and legal type,exact normalized name and legal type,AMO published turnout workbook
Township of Selwyn,Selwyn Tp,Township,18653,15890,6317,0.3975,16903.0,4149.0,0.245459385907827,-15.204061409217301,Mayor,Elected,Mayor,Acclaimed,True,False,False,True,True,True,True,199,289,0.12462006079027356,,269,exact normalized name and legal type,exact normalized name and legal type,AMO published turnout workbook
Municipality of Greenstone,Greenstone M,Municipality,4309,3510,1868,0.5322,2951.0,724.0,0.24534056252117925,-28.685943747882074,Mayor,Elected,Mayor,Acclaimed,True,False,False,True,True,True,True,43,290,0.12158054711246201,,306,exact normalized name and legal type,exact normalized name and legal type,AMO published turnout workbook
Township of Wellesley,Wellesley Tp,Township,11318,7714,2530,0.328,8402.0,2029.0,0.24149012139966675,-8.650987860033327,Mayor,Elected,Mayor,Acclaimed,True,False,False,True,True,True,True,272,291,0.11854103343465046,,206,exact normalized name and legal type,exact normalized name and legal type,AMO published turnout workbook
Township of Cramahe,Cramahe Tp,Township,6509,5254,2390,0.4549,5627.0,1334.0,0.23707126355073752,-21.78287364492625,Mayor,Elected,Mayor,Acclaimed,True,False,False,True,True,True,True,121,292,0.11550151975683891,,301,exact normalized name and legal type,exact normalized name and legal type,AMO published turnout workbook
Municipality of East Ferris,East Ferris M,Municipality,4946,4463,1359,0.3045,4827.0,1134.0,0.23492852703542574,-6.957147296457425,Mayor,Acclaimed,Mayor,Acclaimed,False,False,False,True,True,True,True,289,293,0.11246200607902736,,182,exact normalized name and legal type,exact normalized name and legal type,AMO published turnout workbook
Township of Nipissing,Nipissing Tp,Township,1769,2737,396,0.1447,2806.0,659.0,0.23485388453314326,9.015388453314326,Mayor,Acclaimed,Mayor,Acclaimed,False,False,False,True,True,True,True,325,294,0.1094224924012158,,26,exact normalized name and legal type,exact normalized name and legal type,AMO published turnout workbook
Town of Deseronto,Deseronto T,Town,1747,1225,339,0.2767,1216.0,285.0,0.234375,-4.2325,Mayor,Acclaimed,Mayor,Acclaimed,False,False,False,True,True,True,True,302,295,0.10638297872340426,,145,exact normalized name and legal type,exact normalized name and legal type,AMO published turnout workbook
Town of Grand Valley,Grand Valley T,Town,3851,2663,919,0.3451,2866.0,652.0,0.2274947662247034,-11.76052337752966,Mayor,Acclaimed,Mayor,Acclaimed,False,False,False,True,True,True,True,258,296,0.1033434650455927,,242,exact normalized name and legal type,exact normalized name and legal type,AMO published turnout workbook
Township of Puslinch,Puslinch Tp,Township,7944,5742,2147,0.3739,6543.0,1475.0,0.2254317591318967,-14.846824086810331,Mayor,Elected,Mayor,Acclaimed,True,False,False,True,True,True,True,236,297,0.10030395136778116,,267,exact normalized name and legal type,exact normalized name and legal type,AMO published turnout workbook
Township of Zorra,Zorra Tp,Township,8628,6174,2702,0.4376,6632.0,1494.0,0.2252714113389626,-21.232858866103737,Mayor,Elected,Mayor,Acclaimed,True,False,False,True,True,True,True,152,298,0.0972644376899696,,297,exact normalized name and legal type,exact normalized name and legal type,AMO published turnout workbook
Township of Gillies,Gillies Tp,Township,441,530,158,0.2981,491.0,110.0,0.2240325865580448,-7.406741344195517,Reeve,Acclaimed,Reeve,Acclaimed,False,False,False,True,True,True,True,292,299,0.09422492401215805,,189,exact normalized name and legal type,exact normalized name and legal type,AMO published turnout workbook
Municipality of Killarney,Killarney M,Municipality,397,1302,537,0.4124,1373.0,307.0,0.22359796067006554,-18.880203932993446,Mayor,Elected,Mayor,Acclaimed,True,False,False,True,True,True,True,182,300,0.0911854103343465,,291,exact normalized name and legal type,exact normalized name and legal type,AMO published turnout workbook
Township of O'Connor,O'Connor Tp,Township,689,619,152,0.2456,634.0,141.0,0.222397476340694,-2.3202523659306,Mayor,Acclaimed,Mayor,Acclaimed,False,False,False,True,True,True,True,312,301,0.08814589665653495,,118,exact normalized name and legal type,exact normalized name and legal type,AMO published turnout workbook
Township of Plummer Additional,Plummer Additional Tp,Township,757,922,162,0.1757,869.0,190.0,0.2186421173762946,4.29421173762946,Mayor,Acclaimed,Mayor,Elected,False,True,False,True,True,True,True,322,302,0.0851063829787234,,53,exact normalized name and legal type,exact normalized name and legal type,AMO published turnout workbook
Township of King,King Tp,Township,27333,16976,5802,0.3418,20486.0,4383.0,0.21395099092062872,-12.784900907937127,Mayor,Acclaimed,Mayor,Acclaimed,False,False,False,True,True,True,True,263,303,0.08206686930091185,,254,exact normalized name and legal type,exact normalized name and legal type,AMO published turnout workbook
Municipality of Highlands East,Highlands East M,Municipality,3830,8851,2796,0.3159,9099.0,1934.0,0.21255082976151227,-10.334917023848774,Mayor,Elected,Mayor,Elected,True,True,True,True,True,True,True,277,304,0.0790273556231003,161,225,exact normalized name and legal type,exact normalized name and legal type,AMO published turnout workbook
Township of Malahide,Malahide Tp,Township,9308,5910,2226,0.3766,6584.0,1396.0,0.2120291616038882,-16.45708383961118,Mayor,Acclaimed,Mayor,Acclaimed,False,False,False,True,True,True,True,229,305,0.07598784194528875,,276,exact normalized name and legal type,exact normalized name and legal type,AMO published turnout workbook
Township of Larder Lake,Larder Lake Tp,Township,745,1025,381,0.3717,1042.0,217.0,0.20825335892514396,-16.344664107485602,Mayor,Elected,Mayor,Acclaimed,True,False,False,True,True,True,True,237,306,0.0729483282674772,,275,exact normalized name and legal type,exact normalized name and legal type,AMO published turnout workbook
Township of Dubreuilville,Dubreuilville Tp,Township,576,474,248,0.5232,437.0,90.0,0.20594965675057209,-31.72503432494279,Mayor,Acclaimed,Mayor,Acclaimed,False,False,False,True,True,True,True,51,307,0.06990881458966565,,308,exact normalized name and legal type,exact normalized name and legal type,AMO published turnout workbook
Township of Burpee and Mills,Burpee and Mills Tp,Township,382,0,0,0.0,806.0,162.0,0.20099255583126552,,Reeve,Acclaimed,Reeve,Acclaimed,False,False,False,False,True,False,True,,308,0.0668693009118541,,,exact normalized name and legal type,exact normalized name and legal type,AMO published turnout workbook
Township of North Dumfries,North Dumfries Tp,Township,10619,7742,2911,0.376,8419.0,1558.0,0.18505760779189928,-19.09423922081007,Mayor,Elected,Mayor,Acclaimed,True,False,False,True,True,True,True,231,309,0.06382978723404255,,292,exact normalized name and legal type,exact normalized name and legal type,AMO published turnout workbook
Township of Dawson,Dawson Tp,Township,399,657,93,0.1416,608.0,112.0,0.18421052631578946,4.261052631578946,Mayor,Acclaimed,Mayor,Acclaimed,False,False,False,True,True,True,True,326,310,0.060790273556231005,,55,exact normalized name and legal type,exact normalized name and legal type,AMO published turnout workbook
Township of Scugog,Scugog Tp,Township,21581,17296,7908,0.4572,18318.0,3359.0,0.18337154711213013,-27.38284528878698,Mayor,Elected,Mayor,Acclaimed,True,False,False,True,True,True,True,115,311,0.057750759878419454,,305,exact normalized name and legal type,exact normalized name and legal type,AMO published turnout workbook
Township of Georgian Bay,Georgian Bay Tp,Township,3441,9533,3632,0.381,9252.0,1588.0,0.17163856463467358,-20.936143536532644,Mayor,Elected,Mayor,Acclaimed,True,False,False,True,True,True,True,222,312,0.0547112462006079,,296,exact normalized name and legal type,exact normalized name and legal type,AMO published turnout workbook
Municipality of Shuniah,Shuniah M,Municipality,3247,3855,1474,0.3824,3965.0,672.0,0.1694829760403531,-21.29170239596469,Mayor,Acclaimed,Mayor,Acclaimed,False,False,False,True,True,True,True,221,313,0.05167173252279635,,298,exact normalized name and legal type,exact normalized name and legal type,AMO published turnout workbook
Township of Harley,Harley Tp,Township,524,0,0,0.0,439.0,69.0,0.1571753986332574,,Reeve,Acclaimed,Reeve,Acclaimed,False,False,False,False,True,False,True,,314,0.0486322188449848,,,exact normalized name and legal type,exact normalized name and legal type,AMO published turnout workbook
Township of Dawn-Euphemia,Dawn-Euphemia Tp,Township,1968,1887,832,0.4409,1878.0,289.0,0.1538871139510117,-28.701288604898835,Mayor,Acclaimed,Mayor,Acclaimed,False,False,False,True,True,True,True,142,315,0.04559270516717325,,307,exact normalized name and legal type,exact normalized name and legal type,AMO published turnout workbook
Township of Essa,Essa Tp,Township,22970,13086,3782,0.289,15333.0,2349.0,0.15319898258657796,-13.580101741342201,Mayor,Elected,Mayor,Acclaimed,True,False,False,True,True,True,True,296,316,0.0425531914893617,,261,exact normalized name and legal type,exact normalized name and legal type,AMO published turnout workbook
Town of Blind River,Blind River T,Town,3422,3127,1543,0.4934,2518.0,383.0,0.15210484511517078,-34.12951548848292,Mayor,Elected,Mayor,Acclaimed,True,False,False,True,True,True,True,77,317,0.03951367781155015,,311,exact normalized name and legal type,exact normalized name and legal type,AMO published turnout workbook
Township of Drummond/North Elmsley,Drummond-North Elmsley Tp,Township,8183,7001,1456,0.208,7308.0,1022.0,0.13984674329501914,-6.815325670498085,Reeve,Acclaimed,Reeve,Acclaimed,False,False,False,True,True,True,True,319,318,0.0364741641337386,,179,exact normalized name and legal type,exact normalized name and legal type,AMO published turnout workbook
Township of South-West Oxford,South-West Oxford Tp,Township,7583,5645,892,0.158,5661.0,744.0,0.13142554319024907,-2.657445680975093,Mayor,Acclaimed,Mayor,Acclaimed,False,False,False,True,True,True,True,324,319,0.03343465045592705,,125,exact normalized name and legal type,exact normalized name and legal type,AMO published turnout workbook
Municipality of West Elgin,West Elgin M,Municipality,5060,4931,1031,0.2091,4045.0,477.0,0.11792336217552533,-9.117663782447467,Mayor,Elected,Mayor,Acclaimed,True,False,False,True,True,True,True,318,320,0.030395136778115502,,213,exact normalized name and legal type,exact normalized name and legal type,AMO published turnout workbook
Township of Otonabee-South Monaghan,Otonabee-South Monaghan Tp,Township,7087,5828,2476,0.4248,6379.0,673.0,0.10550242984793855,-31.929757015206146,Reeve,Acclaimed,Mayor,Acclaimed,False,False,False,True,True,True,True,169,321,0.02735562310030395,,309,exact normalized name and legal type,exact normalized name and legal type,AMO published turnout workbook
Township of Chapple,Chapple Tp,Township,763,727,201,0.2765,780.0,81.0,0.10384615384615385,-17.265384615384615,Reeve,Elected,Reeve,Acclaimed,True,False,False,True,True,True,True,304,322,0.0243161094224924,,282,exact normalized name and legal type,exact normalized name and legal type,AMO published turnout workbook
Township of Front of Yonge,Front of Yonge Tp,Township,2595,2378,672,0.2826,2310.0,237.0,0.1025974025974026,-18.000259740259743,Mayor,Acclaimed,Mayor,Acclaimed,False,False,False,True,True,True,True,299,323,0.02127659574468085,,286,exact normalized name and legal type,exact normalized name and legal type,AMO published turnout workbook
Town of Thessalon,Thessalon T,Town,1260,1170,383,0.3274,1212.0,107.0,0.08828382838283828,-23.911617161716176,Mayor,Acclaimed,Mayor,Acclaimed,False,False,False,True,True,True,True,273,324,0.0182370820668693,,303,exact normalized name and legal type,exact normalized name and legal type,AMO published turnout workbook
Municipality of French River,French River M,Municipality,2828,4049,2122,0.5241,4043.0,302.0,0.07469700717289142,-44.94029928271086,Mayor,Elected,Mayor,Acclaimed,True,False,False,True,True,True,True,50,325,0.015197568389057751,,314,exact normalized name and legal type,exact normalized name and legal type,AMO published turnout workbook
Township of Tay,Tay Tp,Township,11091,9441,3796,0.4021,8891.0,636.0,0.07153301090990889,-33.056698909009114,Mayor,Elected,Mayor,Acclaimed,True,False,False,True,True,True,True,193,326,0.0121580547112462,,310,exact normalized name and legal type,exact normalized name and legal type,AMO published turnout workbook
Township of East Garafraxa,East Garafraxa Tp,Township,2794,0,0,0.0,2228.0,138.0,0.06193895870736086,,Mayor,Acclaimed,Mayor,Acclaimed,False,False,False,False,True,False,True,,327,0.00911854103343465,,,exact normalized name and legal type,exact normalized name and legal type,AMO published turnout workbook
Township of Black River-Matheson,Black River - Matheson Tp,Township,2572,2702,1114,0.4123,2607.0,155.0,0.05945531261986958,-35.28446873801304,Mayor,Elected,Mayor,Acclaimed,True,False,False,True,True,True,True,183,328,0.0060790273556231,,313,exact normalized name and legal type,exact normalized name and legal type,AMO published turnout workbook
Municipality of Gordon/Barrie Island,Gordon-Barrie Island M,Municipality,613,0,0,0.0,1531.0,49.0,0.03200522534291313,,Mayor,Acclaimed,Reeve,Acclaimed,False,False,False,False,True,False,True,,329,0.00303951367781155,,,exact normalized name and legal type,exact normalized name and legal type,AMO published turnout workbook
Municipality of Charlton and Dack,Charlton-Dack M,Municipality,686,0,0,0.0,586.0,0.0,0.0,,Reeve,Acclaimed,Reeve,Acclaimed,False,False,False,False,False,False,True,,,,,,manual documented alias,exact normalized name and legal type,AMO published turnout workbook
Town of Laurentian Hills,Laurentian Hills T,Town,2885,2396,937,0.3911,,,,,Mayor,Elected,Mayor,Acclaimed,True,False,False,True,False,False,True,210,,,,,exact normalized name and legal type,exact normalized name and legal type,AMO published turnout workbook
Township of Armour,Armour Tp,Township,1459,2247,753,0.3351,2391.0,0.0,0.0,,Reeve,Acclaimed,Mayor,Acclaimed,False,False,False,True,False,False,True,266,,,,,exact normalized name and legal type,exact normalized name and legal type,AMO published turnout workbook
Township of Armstrong,Armstrong Tp,Township,1199,815,430,0.5276,873.0,0.0,0.0,,Mayor,Elected,Mayor,Acclaimed,True,False,False,True,False,False,True,46,,,,,exact normalized name and legal type,exact normalized name and legal type,AMO published turnout workbook
Township of Brethour,Brethour Tp,Township,105,0,0,0.0,108.0,,,,Reeve,Acclaimed,Reeve,Acclaimed,False,False,False,False,False,False,True,,,,,,exact normalized name and legal type,exact normalized name and legal type,AMO published turnout workbook
Township of Chamberlain,Chamberlain Tp,Township,311,0,0,0.0,353.0,0.0,0.0,,Reeve,Acclaimed,Reeve,Acclaimed,False,False,False,False,False,False,True,,,,,,exact normalized name and legal type,exact normalized name and legal type,AMO published turnout workbook
Township of Chapleau,Chapleau Tp,Township,1942,1694,1021,0.6027,1721.0,0.0,0.0,,Mayor,Elected,Mayor,Acclaimed,True,False,False,True,False,False,True,13,,,,,exact normalized name and legal type,exact normalized name and legal type,AMO published turnout workbook
Township of Dorion,Dorion Tp,Township,375,0,0,0.0,,,,,Reeve,Acclaimed,Reeve,Acclaimed,False,False,False,False,False,False,True,,,,,,exact normalized name and legal type,exact normalized name and legal type,AMO published turnout workbook
Township of Enniskillen,Enniskillen Tp,Township,2825,0,0,0.0,2634.0,,,,Mayor,Acclaimed,Mayor,Acclaimed,False,False,False,False,False,False,True,,,,,,exact normalized name and legal type,exact normalized name and legal type,AMO published turnout workbook
Township of Evanturel,Evanturel Tp,Township,502,0,0,0.0,384.0,0.0,0.0,,Reeve,Acclaimed,Reeve,Acclaimed,False,False,False,False,False,False,True,,,,,,exact normalized name and legal type,exact normalized name and legal type,AMO published turnout workbook
Township of Hilliard,Hilliard Tp,Township,215,208,78,0.375,207.0,,,,Mayor,Elected,Reeve,Acclaimed,True,False,False,True,False,False,True,234,,,,,exact normalized name and legal type,exact normalized name and legal type,AMO published turnout workbook
Township of Hilton,Hilton Tp,Township,382,0,0,0.0,660.0,0.0,0.0,,Reeve,Acclaimed,Reeve,Acclaimed,False,False,False,False,False,False,True,,,,,,exact normalized name and legal type,exact normalized name and legal type,AMO published turnout workbook
Township of Hornepayne,Hornepayne Tp,Township,968,822,508,0.618,,,,,Mayor,Elected,Mayor,Acclaimed,True,False,False,True,False,False,True,9,,,,,exact normalized name and legal type,exact normalized name and legal type,AMO published turnout workbook
Township of Howick,Howick Tp,Township,4045,2995,1153,0.385,3040.0,,,,Reeve,Elected,Reeve,Acclaimed,True,False,False,True,False,False,True,217,,,,,exact normalized name and legal type,exact normalized name and legal type,AMO published turnout workbook
Township of Kerns,Kerns Tp,Township,330,0,0,0.0,248.0,0.0,0.0,,Reeve,Acclaimed,Reeve,Acclaimed,False,False,False,False,False,False,True,,,,,,exact normalized name and legal type,exact normalized name and legal type,AMO published turnout workbook
Township of Lake of the Woods,Lake of The Woods Tp,Township,308,633,0,0.0,633.0,0.0,0.0,,Mayor,Acclaimed,Mayor,Acclaimed,False,False,False,False,False,False,True,,,,,,exact normalized name and legal type,exact normalized name and legal type,AMO published turnout workbook
Township of Perry,Perry Tp,Township,2650,2900,874,0.3014,3138.0,0.0,0.0,,Mayor,Acclaimed,Mayor,Acclaimed,False,False,False,True,False,False,True,291,,,,,exact normalized name and legal type,exact normalized name and legal type,AMO published turnout workbook
Township of Sioux Narrows-Nestor Falls,Sioux Narrows-Nestor Falls Tp,Township,727,995,431,0.4332,1231.0,0.0,0.0,,Mayor,Acclaimed,Mayor,Acclaimed,False,False,False,True,False,False,True,157,,,,,exact normalized name and legal type,exact normalized name and legal type,AMO published turnout workbook
Township of The Archipelago,The Archipelago Tp,Township,979,5130,1802,0.3513,5103.0,0.0,0.0,,Reeve,Acclaimed,Reeve,Acclaimed,False,False,False,True,False,False,True,253,,,,,exact normalized name and legal type,exact normalized name and legal type,AMO published turnout workbook
Village of Hilton Beach,Hilton Beach V,Village,198,229,76,0.3319,271.0,0.0,0.0,,Mayor,Acclaimed,Mayor,Acclaimed,False,False,False,True,False,False,True,269,,,,,exact normalized name and legal type,exact normalized name and legal type,AMO published turnout workbook
Village of Oil Springs,Oil Springs V,Village,647,532,0,0.0,,,,,Mayor,Acclaimed,Mayor,Acclaimed,False,False,False,False,False,False,True,,,,,,exact normalized name and legal type,exact normalized name and legal type,AMO published turnout workbook
Village of South River,South River V,Village,1101,812,229,0.282,983.0,0.0,0.0,,Mayor,Acclaimed,Mayor,Acclaimed,False,False,False,True,False,False,True,300,,,,,exact normalized name and legal type,exact normalized name and legal type,AMO published turnout workbook
Village of Thornloe,Thornloe V,Village,92,79,0,0.0,,,,,Reeve,Acclaimed,Reeve,Acclaimed,False,False,False,False,False,False,True,,,,,,exact normalized name and legal type,exact normalized name and legal type,AMO published turnout workbook
